set	oracle_id	name	type_line	index	parent_index	depth	face	line	kind	role	source	rule	text	normalized
lea	7744bae4-a8b7-44a5-9b4c-0048ad4cc448	Air Elemental	Creature — Elemental	0		0	0	1	keyword_ability	ability	printed		Flying	Flying
lea	550c74d4-1fcb-406a-b02a-639a760a4380	Ancestral Recall	Instant	0		0	0	1	spell_or_static_text	ability	printed		Target player draws three cards.	Target player draws three cards.
lea	2dd7a4dc-902a-4e85-8a3b-c96a898fba86	Animate Artifact	Enchantment — Aura	0		0	0	1	keyword_ability	ability	printed		Enchant artifact	Enchant artifact
lea	2dd7a4dc-902a-4e85-8a3b-c96a898fba86	Animate Artifact	Enchantment — Aura	1		0	0	2	spell_or_static_text	ability	printed		As long as enchanted artifact isn't a creature, it's an artifact creature with power and toughness each equal to its mana value.	As long as enchanted artifact isn't a creature, it's an artifact creature with power and toughness each equal to its mana value.
lea	c0d8fef4-65f4-4769-982d-b397d2b7e977	Animate Dead	Enchantment — Aura	0		0	0	1	keyword_ability	ability	printed		Enchant creature card in a graveyard	Enchant creature card in a graveyard
lea	c0d8fef4-65f4-4769-982d-b397d2b7e977	Animate Dead	Enchantment — Aura	1		0	0	2	triggered_ability	ability	printed		When this Aura enters, if it's on the battlefield, it loses "enchant creature card in a graveyard" and gains "enchant creature put onto the battlefield with this Aura." Return enchanted creature card to the battlefield under your control and attach this Aura to it. When this Aura leaves the battlefield, that creature's controller sacrifices it.	When ~ enters, if it's on the battlefield, it loses "[ability]" and gains "[ability]" Return enchanted creature card to the battlefield under your control and attach ~ to it. When ~ leaves the battlefield, that creature's controller sacrifices it.
lea	c0d8fef4-65f4-4769-982d-b397d2b7e977	Animate Dead	Enchantment — Aura	2	1	1	0	2	keyword_ability	granted	printed		enchant creature card in a graveyard	enchant creature card in a graveyard
lea	c0d8fef4-65f4-4769-982d-b397d2b7e977	Animate Dead	Enchantment — Aura	3	1	1	0	2	spell_or_static_text	granted	printed		enchant creature put onto the battlefield with this Aura.	enchant creature put onto the battlefield with ~.
lea	c0d8fef4-65f4-4769-982d-b397d2b7e977	Animate Dead	Enchantment — Aura	4		0	0	3	spell_or_static_text	ability	printed		Enchanted creature gets -1/-0.	Enchanted creature gets -N/-N.
lea	c7a6a165-b709-46e0-ae42-6f69a17c0621	Animate Wall	Enchantment — Aura	0		0	0	1	keyword_ability	ability	printed		Enchant Wall	Enchant Wall
lea	c7a6a165-b709-46e0-ae42-6f69a17c0621	Animate Wall	Enchantment — Aura	1		0	0	2	spell_or_static_text	ability	printed		Enchanted Wall can attack as though it didn't have defender.	Enchanted Wall can attack as though it didn't have defender.
lea	63c1eda1-3e6f-4e9c-adf3-a43164df98bb	Ankh of Mishra	Artifact	0		0	0	1	triggered_ability	ability	printed		Whenever a land enters, this artifact deals 2 damage to that land's controller.	Whenever a land enters, ~ deals N damage to that land's controller.
lea	c9ed8b01-959a-47d6-891e-0abbdccf6e4f	Armageddon	Sorcery	0		0	0	1	spell_or_static_text	ability	printed		Destroy all lands.	Destroy all lands.
lea	77b7277d-90a1-4774-a998-8c35c3f94e4a	Aspect of Wolf	Enchantment — Aura	0		0	0	1	keyword_ability	ability	printed		Enchant creature	Enchant creature
lea	77b7277d-90a1-4774-a998-8c35c3f94e4a	Aspect of Wolf	Enchantment — Aura	1		0	0	2	spell_or_static_text	ability	printed		Enchanted creature gets +X/+Y, where X is half the number of Forests you control, rounded down, and Y is half the number of Forests you control, rounded up.	Enchanted creature gets +X/+Y, where X is half the number of Forests you control, rounded down, and Y is half the number of Forests you control, rounded up.
lea	fc5d3341-cbce-49e5-93cc-8add92479dca	Bad Moon	Enchantment	0		0	0	1	spell_or_static_text	ability	printed		Black creatures get +1/+1.	Black creatures get +N/+N.
lea	13ff3222-91cb-4796-a34e-899ed817694c	Badlands	Land — Swamp Mountain	0		0	0	1	activated_ability	ability	rules_supplied	305.6	({T}: Add {B} or {R}.)	{M}: Add {M} or {M}.
lea	17fa98cd-ed8f-483f-9525-7e989a82ebb2	Balance	Sorcery	0		0	0	1	spell_or_static_text	ability	printed		Each player chooses a number of lands they control equal to the number of lands controlled by the player who controls the fewest, then sacrifices the rest. Players discard cards and sacrifice creatures the same way.	Each player chooses a number of lands they control equal to the number of lands controlled by the player who controls the fewest, then sacrifices the rest. Players discard cards and sacrifice creatures the same way.
lea	6b8cf2a0-b045-4d91-9d91-c602d40c6237	Basalt Monolith	Artifact	0		0	0	1	spell_or_static_text	ability	printed		This artifact doesn't untap during your untap step.	~ doesn't untap during your untap step.
lea	6b8cf2a0-b045-4d91-9d91-c602d40c6237	Basalt Monolith	Artifact	1		0	0	2	activated_ability	ability	printed		{T}: Add {C}{C}{C}.	{M}: Add {M}{M}{M}.
lea	6b8cf2a0-b045-4d91-9d91-c602d40c6237	Basalt Monolith	Artifact	2		0	0	3	activated_ability	ability	printed		{3}: Untap this artifact.	{M}: Untap ~.
lea	b76d1ae6-ad1d-4bac-b4c3-2e03e0e84d9b	Bayou	Land — Swamp Forest	0		0	0	1	activated_ability	ability	rules_supplied	305.6	({T}: Add {B} or {G}.)	{M}: Add {M} or {M}.
lea	4c81cfb7-8765-4e28-ae33-4287fa9a86cc	Benalish Hero	Creature — Human Soldier	0		0	0	1	keyword_ability	ability	printed		Banding	Banding
lea	8b67d192-9a05-4a47-82ae-5fc4b7834d88	Berserk	Instant	0		0	0	1	cast_restriction	ability	printed		Cast this spell only before the combat damage step.	Cast ~ only before the combat damage step.
lea	8b67d192-9a05-4a47-82ae-5fc4b7834d88	Berserk	Instant	1		0	0	2	spell_or_static_text	ability	printed		Target creature gains trample and gets +X/+0 until end of turn, where X is its power.	Target creature gains trample and gets +X/+N until end of turn, where X is its power.
lea	8b67d192-9a05-4a47-82ae-5fc4b7834d88	Berserk	Instant	2	1	1	0	2	triggered_ability	delayed_trigger	printed		At the beginning of the next end step, destroy that creature if it attacked this turn.	At the beginning of the next end step, destroy that creature if it attacked this turn.
lea	d3a0b660-358c-41bd-9cd2-41fbf3491b1a	Birds of Paradise	Creature — Bird	0		0	0	1	keyword_ability	ability	printed		Flying	Flying
lea	d3a0b660-358c-41bd-9cd2-41fbf3491b1a	Birds of Paradise	Creature — Bird	1		0	0	2	activated_ability	ability	printed		{T}: Add one mana of any color.	{M}: Add one mana of any color.
lea	9456c5b6-946d-403a-8ed0-dff9f921d98c	Black Knight	Creature — Human Knight	0		0	0	1	keyword_ability	ability	printed		First strike	First strike
lea	9456c5b6-946d-403a-8ed0-dff9f921d98c	Black Knight	Creature — Human Knight	1		0	0	2	keyword_ability	ability	printed		Protection from white	Protection from white
lea	5089ec1a-f881-4d55-af14-5d996171203b	Black Lotus	Artifact	0		0	0	1	activated_ability	ability	printed		{T}, Sacrifice this artifact: Add three mana of any one color.	{M}, Sacrifice ~: Add three mana of any one color.
lea	de7839fb-7040-48ab-a6d4-d1952972943d	Black Vise	Artifact	0		0	0	1	replacement_effect	ability	printed		As this artifact enters, choose an opponent.	As ~ enters, choose an opponent.
lea	de7839fb-7040-48ab-a6d4-d1952972943d	Black Vise	Artifact	1		0	0	2	triggered_ability	ability	printed		At the beginning of the chosen player's upkeep, this artifact deals X damage to that player, where X is the number of cards in their hand minus 4.	At the beginning of the chosen player's upkeep, ~ deals X damage to that player, where X is the number of cards in their hand minus N.
lea	7861ac9b-3024-4935-804c-2ca4c5a46bf4	Black Ward	Enchantment — Aura	0		0	0	1	keyword_ability	ability	printed		Enchant creature	Enchant creature
lea	7861ac9b-3024-4935-804c-2ca4c5a46bf4	Black Ward	Enchantment — Aura	1		0	0	2	spell_or_static_text	ability	printed		Enchanted creature has protection from black. This effect doesn't remove this Aura.	Enchanted creature has protection from black. This effect doesn't remove ~.
lea	b330ac89-790e-4cc9-96a5-532c48252088	Blaze of Glory	Instant	0		0	0	1	cast_restriction	ability	printed		Cast this spell only during combat before blockers are declared.	Cast ~ only during combat before blockers are declared.
lea	b330ac89-790e-4cc9-96a5-532c48252088	Blaze of Glory	Instant	1		0	0	2	spell_or_static_text	ability	printed		Target creature defending player controls can block any number of creatures this turn. It blocks each attacking creature this turn if able.	Target creature defending player controls can block any number of creatures this turn. It blocks each attacking creature this turn if able.
lea	5c84d8da-2bfb-4618-89a0-7d9ed604e854	Blessing	Enchantment — Aura	0		0	0	1	keyword_ability	ability	printed		Enchant creature	Enchant creature
lea	5c84d8da-2bfb-4618-89a0-7d9ed604e854	Blessing	Enchantment — Aura	1		0	0	2	activated_ability	ability	printed		{W}: Enchanted creature gets +1/+1 until end of turn.	{M}: Enchanted creature gets +N/+N until end of turn.
lea	65e1558c-6b09-4ddc-b520-f19f4fb972af	Blue Elemental Blast	Instant	0		0	0	1	spell_or_static_text	ability	printed		Choose one —	Choose one —
lea	65e1558c-6b09-4ddc-b520-f19f4fb972af	Blue Elemental Blast	Instant	1	0	1	0	2	spell_or_static_text	mode	printed		Counter target red spell.	Counter target red spell.
lea	65e1558c-6b09-4ddc-b520-f19f4fb972af	Blue Elemental Blast	Instant	2	0	1	0	3	spell_or_static_text	mode	printed		Destroy target red permanent.	Destroy target red permanent.
lea	fc0bf1d0-46a2-4305-ab2e-466d79d60ab2	Blue Ward	Enchantment — Aura	0		0	0	1	keyword_ability	ability	printed		Enchant creature	Enchant creature
lea	fc0bf1d0-46a2-4305-ab2e-466d79d60ab2	Blue Ward	Enchantment — Aura	1		0	0	2	spell_or_static_text	ability	printed		Enchanted creature has protection from blue. This effect doesn't remove this Aura.	Enchanted creature has protection from blue. This effect doesn't remove ~.
lea	508248d1-09a4-4e41-a4c9-286618e5061e	Bog Wraith	Creature — Wraith	0		0	0	1	keyword_ability	ability	printed		Swampwalk	Swampwalk
lea	9908e597-9470-4c13-8387-39431b380138	Braingeyser	Sorcery	0		0	0	1	spell_or_static_text	ability	printed		Target player draws X cards.	Target player draws X cards.
lea	d6b9b88b-e31b-4b88-9d53-3df5687804ba	Burrowing	Enchantment — Aura	0		0	0	1	keyword_ability	ability	printed		Enchant creature	Enchant creature
lea	d6b9b88b-e31b-4b88-9d53-3df5687804ba	Burrowing	Enchantment — Aura	1		0	0	2	spell_or_static_text	ability	printed		Enchanted creature has mountainwalk.	Enchanted creature has mountainwalk.
lea	9cf44db4-627a-4197-9588-6da72e41f03d	Camouflage	Instant	0		0	0	1	cast_restriction	ability	printed		Cast this spell only during your declare attackers step.	Cast ~ only during your declare attackers step.
lea	9cf44db4-627a-4197-9588-6da72e41f03d	Camouflage	Instant	1		0	0	2	spell_or_static_text	ability	printed		This turn, instead of declaring blockers, each defending player chooses any number of creatures they control and divides them into a number of piles equal to the number of attacking creatures for whom that player is the defending player. Creatures those players control that can block additional creatures may likewise be put into additional piles. Assign each pile to a different one of those attacking creatures at random. Each creature in a pile that can block the creature that pile is assigned to does so.	This turn, instead of declaring blockers, each defending player chooses any number of creatures they control and divides them into a number of piles equal to the number of attacking creatures for whom that player is the defending player. Creatures those players control that can block additional creatures may likewise be put into additional piles. Assign each pile to a different one of those attacking creatures at random. Each creature in a pile that can block the creature that pile is assigned to does so.
lea	f3179c3c-7e53-44d2-b579-b9e677efe9d9	Castle	Enchantment	0		0	0	1	spell_or_static_text	ability	printed		Untapped creatures you control get +0/+2.	Untapped creatures you control get +N/+N.
lea	eb228a6c-bceb-45c3-a258-3f209682e1c6	Celestial Prism	Artifact	0		0	0	1	activated_ability	ability	printed		{2}, {T}: Add one mana of any color.	{M}, {M}: Add one mana of any color.
lea	d1b815d1-2848-40d4-a555-66822d1becbc	Channel	Sorcery	0		0	0	1	spell_or_static_text	ability	printed		Until end of turn, any time you could activate a mana ability, you may pay 1 life. If you do, add {C}.	Until end of turn, any time you could activate a mana ability, you may pay N life. If you do, add {M}.
lea	edb455f4-8dc9-4b7c-b25c-cb51b7dfbb41	Chaos Orb	Artifact	0		0	0	1	activated_ability	ability	printed		{1}, {T}: If this artifact is on the battlefield, flip it onto the battlefield from a height of at least one foot. If this artifact turns over completely at least once during the flip, destroy all nontoken permanents it touches. Then destroy this artifact.	{M}, {M}: If ~ is on the battlefield, flip it onto the battlefield from a height of at least one foot. If ~ turns over completely at least once during the flip, destroy all nontoken permanents it touches. Then destroy ~.
lea	08842aa3-f923-46e9-a106-f542331e9cc1	Chaoslace	Instant	0		0	0	1	spell_or_static_text	ability	printed		Target spell or permanent becomes red.	Target spell or permanent becomes red.
lea	d7572f17-f85d-45c0-ac64-43aac760eafe	Circle of Protection: Blue	Enchantment	0		0	0	1	activated_ability	ability	printed		{1}: The next time a blue source of your choice would deal damage to you this turn, prevent that damage.	{M}: The next time a blue source of your choice would deal damage to you this turn, prevent that damage.
lea	41b0f347-1398-4778-bf3f-4007d8a77162	Circle of Protection: Green	Enchantment	0		0	0	1	activated_ability	ability	printed		{1}: The next time a green source of your choice would deal damage to you this turn, prevent that damage.	{M}: The next time a green source of your choice would deal damage to you this turn, prevent that damage.
lea	df2738fe-9cd1-4347-8808-105fcfde1190	Circle of Protection: Red	Enchantment	0		0	0	1	activated_ability	ability	printed		{1}: The next time a red source of your choice would deal damage to you this turn, prevent that damage.	{M}: The next time a red source of your choice would deal damage to you this turn, prevent that damage.
lea	5f46f86a-9779-4ed3-99cb-76a03d380598	Circle of Protection: White	Enchantment	0		0	0	1	activated_ability	ability	printed		{1}: The next time a white source of your choice would deal damage to you this turn, prevent that damage.	{M}: The next time a white source of your choice would deal damage to you this turn, prevent that damage.
lea	eb97c8db-ac6c-476c-b14d-87785e9c82f0	Clockwork Beast	Artifact Creature — Beast	0		0	0	1	replacement_effect	ability	printed		This creature enters with seven +1/+0 counters on it.	~ enters with seven +N/+N counters on it.
lea	eb97c8db-ac6c-476c-b14d-87785e9c82f0	Clockwork Beast	Artifact Creature — Beast	1		0	0	2	triggered_ability	ability	printed		At end of combat, if this creature attacked or blocked this combat, remove a +1/+0 counter from it.	At end of combat, if ~ attacked or blocked this combat, remove a +N/+N counter from it.
lea	eb97c8db-ac6c-476c-b14d-87785e9c82f0	Clockwork Beast	Artifact Creature — Beast	2		0	0	3	activated_ability	ability	printed		{X}, {T}: Put up to X +1/+0 counters on this creature. This ability can't cause the total number of +1/+0 counters on this creature to be greater than seven. Activate only during your upkeep.	{M}, {M}: Put up to X +N/+N counters on ~. This ability can't cause the total number of +N/+N counters on ~ to be greater than seven. Activate only during your upkeep.
lea	42226b87-0746-4ebf-9fd0-108d508462af	Clone	Creature — Shapeshifter	0		0	0	1	replacement_effect	ability	printed		You may have this creature enter as a copy of any creature on the battlefield.	You may have ~ enter as a copy of any creature on the battlefield.
lea	af354337-424c-4c7e-8ca5-6149261368d2	Cockatrice	Creature — Cockatrice	0		0	0	1	keyword_ability	ability	printed		Flying	Flying
lea	af354337-424c-4c7e-8ca5-6149261368d2	Cockatrice	Creature — Cockatrice	1		0	0	2	triggered_ability	ability	printed		Whenever this creature blocks or becomes blocked by a non-Wall creature,	Whenever ~ blocks or becomes blocked by a non-Wall creature,
lea	af354337-424c-4c7e-8ca5-6149261368d2	Cockatrice	Creature — Cockatrice	2	1	1	0	2	triggered_ability	delayed_trigger	printed		destroy that creature at end of combat.	destroy that creature at end of combat.
lea	4627691c-4ed4-4add-9cc3-2e019be2f9fd	Consecrate Land	Enchantment — Aura	0		0	0	1	keyword_ability	ability	printed		Enchant land	Enchant land
lea	4627691c-4ed4-4add-9cc3-2e019be2f9fd	Consecrate Land	Enchantment — Aura	1		0	0	2	spell_or_static_text	ability	printed		Enchanted land has indestructible and can't be enchanted by other Auras.	Enchanted land has indestructible and can't be enchanted by other Auras.
lea	1940e56d-0972-4ca4-946c-bbd42dde1dcb	Conservator	Artifact	0		0	0	1	activated_ability	ability	printed		{3}, {T}: Prevent the next 2 damage that would be dealt to you this turn.	{M}, {M}: Prevent the next N damage that would be dealt to you this turn.
lea	9e0ed4b0-28b5-44be-ab83-f1e8eb07138d	Contract from Below	Sorcery	0		0	0	1	ante_instruction	ability	printed		Remove this card from your deck before playing if you're not playing for ante.	Remove ~ from your deck before playing if you're not playing for ante.
lea	9e0ed4b0-28b5-44be-ab83-f1e8eb07138d	Contract from Below	Sorcery	1		0	0	2	spell_or_static_text	ability	printed		Discard your hand, ante the top card of your library, then draw seven cards.	Discard your hand, ante the top card of your library, then draw seven cards.
lea	cd0d7141-46d2-4aa3-bc77-6b3b4513803e	Control Magic	Enchantment — Aura	0		0	0	1	keyword_ability	ability	printed		Enchant creature	Enchant creature
lea	cd0d7141-46d2-4aa3-bc77-6b3b4513803e	Control Magic	Enchantment — Aura	1		0	0	2	spell_or_static_text	ability	printed		You control enchanted creature.	You control enchanted creature.
lea	a24e05fb-dffb-4400-b4ca-22fdde45e7a7	Conversion	Enchantment	0		0	0	1	triggered_ability	ability	printed		At the beginning of your upkeep, sacrifice this enchantment unless you pay {W}{W}.	At the beginning of your upkeep, sacrifice ~ unless you pay {M}{M}.
lea	a24e05fb-dffb-4400-b4ca-22fdde45e7a7	Conversion	Enchantment	1		0	0	2	spell_or_static_text	ability	printed		All Mountains are Plains.	All Mountains are Plains.
lea	16d1023b-2162-4010-8bf4-218dbe7c99a0	Copper Tablet	Artifact	0		0	0	1	triggered_ability	ability	printed		At the beginning of each player's upkeep, this artifact deals 1 damage to that player.	At the beginning of each player's upkeep, ~ deals N damage to that player.
lea	80bc56a9-40e0-48da-ae86-190e39c8a4a3	Copy Artifact	Enchantment	0		0	0	1	replacement_effect	ability	printed		You may have this enchantment enter as a copy of any artifact on the battlefield, except it's an enchantment in addition to its other types.	You may have ~ enter as a copy of any artifact on the battlefield, except it's an enchantment in addition to its other types.
lea	cc187110-1148-4090-bbb8-e205694a39f5	Counterspell	Instant	0		0	0	1	spell_or_static_text	ability	printed		Counter target spell.	Counter target spell.
lea	70492e32-ba4d-4314-b016-892fb15f7a23	Creature Bond	Enchantment — Aura	0		0	0	1	keyword_ability	ability	printed		Enchant creature	Enchant creature
lea	70492e32-ba4d-4314-b016-892fb15f7a23	Creature Bond	Enchantment — Aura	1		0	0	2	triggered_ability	ability	printed		When enchanted creature dies, this Aura deals damage equal to that creature's toughness to the creature's controller.	When enchanted creature dies, ~ deals damage equal to that creature's toughness to the creature's controller.
lea	4692740f-be90-459f-8d90-c4ae71771595	Crusade	Enchantment	0		0	0	1	spell_or_static_text	ability	printed		White creatures get +1/+1.	White creatures get +N/+N.
lea	e68bc048-1009-46a5-97d6-ec77a18067da	Crystal Rod	Artifact	0		0	0	1	triggered_ability	ability	printed		Whenever a player casts a blue spell, you may pay {1}. If you do, you gain 1 life.	Whenever a player casts a blue spell, you may pay {M}. If you do, you gain N life.
lea	0d61239f-28e4-4adb-8f6e-b56e9c8699af	Cursed Land	Enchantment — Aura	0		0	0	1	keyword_ability	ability	printed		Enchant land	Enchant land
lea	0d61239f-28e4-4adb-8f6e-b56e9c8699af	Cursed Land	Enchantment — Aura	1		0	0	2	triggered_ability	ability	printed		At the beginning of the upkeep of enchanted land's controller, this Aura deals 1 damage to that player.	At the beginning of the upkeep of enchanted land's controller, ~ deals N damage to that player.
lea	1edee40f-d153-4d67-aee7-ef08e11e4a79	Cyclopean Tomb	Artifact	0		0	0	1	activated_ability	ability	printed		{2}, {T}: Put a mire counter on target non-Swamp land. That land is a Swamp for as long as it has a mire counter on it. Activate only during your upkeep.	{M}, {M}: Put a mire counter on target non-Swamp land. That land is a Swamp for as long as it has a mire counter on it. Activate only during your upkeep.
lea	1edee40f-d153-4d67-aee7-ef08e11e4a79	Cyclopean Tomb	Artifact	1		0	0	2	triggered_ability	ability	printed		When this artifact is put into a graveyard from the battlefield, at the beginning of each of your upkeeps for the rest of the game, remove all mire counters from a land that a mire counter was put onto with this artifact but that a mire counter has not been removed from with this artifact.	When ~ is put into a graveyard from the battlefield, at the beginning of each of your upkeeps for the rest of the game, remove all mire counters from a land that a mire counter was put onto with ~ but that a mire counter has not been removed from with ~.
lea	53f7c868-b03e-4fc2-8dcf-a75bbfa3272b	Dark Ritual	Instant	0		0	0	1	spell_or_static_text	ability	printed		Add {B}{B}{B}.	Add {M}{M}{M}.
lea	74f10b9a-a286-49b2-bfa1-a427ff041bd4	Darkpact	Sorcery	0		0	0	1	ante_instruction	ability	printed		Remove this card from your deck before playing if you're not playing for ante.	Remove ~ from your deck before playing if you're not playing for ante.
lea	74f10b9a-a286-49b2-bfa1-a427ff041bd4	Darkpact	Sorcery	1		0	0	2	spell_or_static_text	ability	printed		You own target card in the ante. Exchange that card with the top card of your library.	You own target card in the ante. Exchange that card with the top card of your library.
lea	0544b707-ec67-43e3-a25d-fd7005ab673d	Death Ward	Instant	0		0	0	1	spell_or_static_text	ability	printed		Regenerate target creature.	Regenerate target creature.
lea	20ae75a7-14ca-4366-af0a-3f3f02159f3f	Deathgrip	Enchantment	0		0	0	1	activated_ability	ability	printed		{B}{B}: Counter target green spell.	{M}{M}: Counter target green spell.
lea	fb80aaba-352a-4b58-8db2-1e02d542819c	Deathlace	Instant	0		0	0	1	spell_or_static_text	ability	printed		Target spell or permanent becomes black.	Target spell or permanent becomes black.
lea	65a9f643-063f-406a-8d5a-5ebbe0f04c3d	Demonic Attorney	Sorcery	0		0	0	1	ante_instruction	ability	printed		Remove this card from your deck before playing if you're not playing for ante.	Remove ~ from your deck before playing if you're not playing for ante.
lea	65a9f643-063f-406a-8d5a-5ebbe0f04c3d	Demonic Attorney	Sorcery	1		0	0	2	spell_or_static_text	ability	printed		Each player antes the top card of their library.	Each player antes the top card of their library.
lea	2847c8a0-f6aa-4e4a-a7b8-fc116436a264	Demonic Hordes	Creature — Demon	0		0	0	1	activated_ability	ability	printed		{T}: Destroy target land.	{M}: Destroy target land.
lea	2847c8a0-f6aa-4e4a-a7b8-fc116436a264	Demonic Hordes	Creature — Demon	1		0	0	2	triggered_ability	ability	printed		At the beginning of your upkeep, unless you pay {B}{B}{B}, tap this creature and sacrifice a land of an opponent's choice.	At the beginning of your upkeep, unless you pay {M}{M}{M}, tap ~ and sacrifice a land of an opponent's choice.
lea	82004860-e589-4e38-8d61-8c0210e4ea39	Demonic Tutor	Sorcery	0		0	0	1	spell_or_static_text	ability	printed		Search your library for a card, put that card into your hand, then shuffle.	Search your library for a card, put that card into your hand, then shuffle.
lea	1973f1e9-aa14-49dc-bafe-be17b30ba288	Dingus Egg	Artifact	0		0	0	1	triggered_ability	ability	printed		Whenever a land is put into a graveyard from the battlefield, this artifact deals 2 damage to that land's controller.	Whenever a land is put into a graveyard from the battlefield, ~ deals N damage to that land's controller.
lea	a7e97fa9-4b72-4548-b854-5be5f18a6f1a	Disenchant	Instant	0		0	0	1	spell_or_static_text	ability	printed		Destroy target artifact or enchantment.	Destroy target artifact or enchantment.
lea	92d6af2f-728e-4e41-87cb-5c90878a2f2f	Disintegrate	Sorcery	0		0	0	1	spell_or_static_text	ability	printed		Disintegrate deals X damage to any target. If it's a creature, it can't be regenerated this turn, and if it would die this turn, exile it instead.	~ deals X damage to any target. If it's a creature, it can't be regenerated this turn, and if it would die this turn, exile it instead.
lea	cd30a128-4b23-476e-8066-2272fdc395d9	Disrupting Scepter	Artifact	0		0	0	1	activated_ability	ability	printed		{3}, {T}: Target player discards a card. Activate only during your turn.	{M}, {M}: Target player discards a card. Activate only during your turn.
lea	705a1985-ed39-4a4b-812e-a677170b596e	Dragon Whelp	Creature — Dragon	0		0	0	1	keyword_ability	ability	printed		Flying	Flying
lea	705a1985-ed39-4a4b-812e-a677170b596e	Dragon Whelp	Creature — Dragon	1		0	0	2	activated_ability	ability	printed		{R}: This creature gets +1/+0 until end of turn.	{M}: ~ gets +N/+N until end of turn.
lea	705a1985-ed39-4a4b-812e-a677170b596e	Dragon Whelp	Creature — Dragon	2	1	1	0	2	triggered_ability	delayed_trigger	printed		If this ability has been activated four or more times this turn, sacrifice this creature at the beginning of the next end step.	If this ability has been activated four or more times this turn, sacrifice ~ at the beginning of the next end step.
lea	e75ba79f-4cc2-4ede-8641-559ab94e7e36	Drain Life	Sorcery	0		0	0	1	spell_or_static_text	ability	printed		Spend only black mana on X.	Spend only black mana on X.
lea	e75ba79f-4cc2-4ede-8641-559ab94e7e36	Drain Life	Sorcery	1		0	0	2	spell_or_static_text	ability	printed		Drain Life deals X damage to any target. You gain life equal to the damage dealt, but not more life than the player's life total before the damage was dealt, the planeswalker's loyalty before the damage was dealt, or the creature's toughness.	~ deals X damage to any target. You gain life equal to the damage dealt, but not more life than the player's life total before the damage was dealt, the planeswalker's loyalty before the damage was dealt, or the creature's toughness.
lea	0669172d-396b-4f5a-9703-129c5c849b55	Drain Power	Sorcery	0		0	0	1	spell_or_static_text	ability	printed		Target player activates a mana ability of each land they control. Then that player loses all unspent mana and you add the mana lost this way.	Target player activates a mana ability of each land they control. Then that player loses all unspent mana and you add the mana lost this way.
lea	c180ed02-07f4-4538-9bea-8c249234a8e2	Drudge Skeletons	Creature — Skeleton	0		0	0	1	activated_ability	ability	printed		{B}: Regenerate this creature.	{M}: Regenerate ~.
lea	caf3c6ec-d17e-497c-8fe7-6f818ce93f96	Dwarven Demolition Team	Creature — Dwarf	0		0	0	1	activated_ability	ability	printed		{T}: Destroy target Wall.	{M}: Destroy target Wall.
lea	cfc553cd-3b4c-47a9-bffb-e5790befb32c	Dwarven Warriors	Creature — Dwarf Warrior	0		0	0	1	activated_ability	ability	printed		{T}: Target creature with power 2 or less can't be blocked this turn.	{M}: Target creature with power N or less can't be blocked this turn.
lea	e8e35b49-8cfb-4fb5-89aa-8050f15b11bf	Earthbind	Enchantment — Aura	0		0	0	1	keyword_ability	ability	printed		Enchant creature	Enchant creature
lea	e8e35b49-8cfb-4fb5-89aa-8050f15b11bf	Earthbind	Enchantment — Aura	1		0	0	2	triggered_ability	ability	printed		When this Aura enters, if enchanted creature has flying, this Aura deals 2 damage to that creature and this Aura gains "Enchanted creature loses flying."	When ~ enters, if enchanted creature has flying, ~ deals N damage to that creature and ~ gains "[ability]"
lea	e8e35b49-8cfb-4fb5-89aa-8050f15b11bf	Earthbind	Enchantment — Aura	2	1	1	0	2	spell_or_static_text	granted	printed		Enchanted creature loses flying.	Enchanted creature loses flying.
lea	9a40614b-50a3-422c-849e-53c8b7d3d204	Earthquake	Sorcery	0		0	0	1	spell_or_static_text	ability	printed		Earthquake deals X damage to each creature without flying and each player.	~ deals X damage to each creature without flying and each player.
lea	534ce8e2-53a1-407c-9881-d3b5347d43c3	Elvish Archers	Creature — Elf Archer	0		0	0	1	keyword_ability	ability	printed		First strike	First strike
lea	3d8ac41c-0566-48b2-a744-39db2f72272c	Evil Presence	Enchantment — Aura	0		0	0	1	keyword_ability	ability	printed		Enchant land	Enchant land
lea	3d8ac41c-0566-48b2-a744-39db2f72272c	Evil Presence	Enchantment — Aura	1		0	0	2	spell_or_static_text	ability	printed		Enchanted land is a Swamp.	Enchanted land is a Swamp.
lea	38c5c952-8153-4d98-89b5-a75260383345	False Orders	Instant	0		0	0	1	cast_restriction	ability	printed		Cast this spell only during the declare blockers step.	Cast ~ only during the declare blockers step.
lea	38c5c952-8153-4d98-89b5-a75260383345	False Orders	Instant	1		0	0	2	spell_or_static_text	ability	printed		Remove target creature defending player controls from combat. Creatures it was blocking that had become blocked by only that creature this combat become unblocked. You may have it block an attacking creature of your choice.	Remove target creature defending player controls from combat. Creatures it was blocking that had become blocked by only that creature this combat become unblocked. You may have it block an attacking creature of your choice.
lea	0d71b157-09a0-4fd4-beb9-103117a784ad	Farmstead	Enchantment — Aura	0		0	0	1	keyword_ability	ability	printed		Enchant land	Enchant land
lea	0d71b157-09a0-4fd4-beb9-103117a784ad	Farmstead	Enchantment — Aura	1		0	0	2	spell_or_static_text	ability	printed		Enchanted land has "At the beginning of your upkeep, you may pay {W}{W}. If you do, you gain 1 life."	Enchanted land has "[ability]"
lea	0d71b157-09a0-4fd4-beb9-103117a784ad	Farmstead	Enchantment — Aura	2	1	1	0	2	triggered_ability	granted	printed		At the beginning of your upkeep, you may pay {W}{W}. If you do, you gain 1 life.	At the beginning of your upkeep, you may pay {M}{M}. If you do, you gain N life.
lea	e27193b7-1a47-4555-865d-b1fd4c6d597f	Fastbond	Enchantment	0		0	0	1	spell_or_static_text	ability	printed		You may play any number of lands on each of your turns.	You may play any number of lands on each of your turns.
lea	e27193b7-1a47-4555-865d-b1fd4c6d597f	Fastbond	Enchantment	1		0	0	2	triggered_ability	ability	printed		Whenever you play a land, if it wasn't the first land you played this turn, this enchantment deals 1 damage to you.	Whenever you play a land, if it wasn't the first land you played this turn, ~ deals N damage to you.
lea	355bbe9b-59bf-470f-8600-410af4c7fe18	Fear	Enchantment — Aura	0		0	0	1	keyword_ability	ability	printed		Enchant creature	Enchant creature
lea	355bbe9b-59bf-470f-8600-410af4c7fe18	Fear	Enchantment — Aura	1		0	0	2	spell_or_static_text	ability	printed		Enchanted creature has fear.	Enchanted creature has fear.
lea	2ff92886-5c17-47a4-a02b-a97432d9203e	Feedback	Enchantment — Aura	0		0	0	1	keyword_ability	ability	printed		Enchant enchantment	Enchant enchantment
lea	2ff92886-5c17-47a4-a02b-a97432d9203e	Feedback	Enchantment — Aura	1		0	0	2	triggered_ability	ability	printed		At the beginning of the upkeep of enchanted enchantment's controller, this Aura deals 1 damage to that player.	At the beginning of the upkeep of enchanted enchantment's controller, ~ deals N damage to that player.
lea	aa7714b0-2bfb-458a-8ebf-37ec2c53383e	Fireball	Sorcery	0		0	0	1	spell_or_static_text	ability	printed		This spell costs {1} more to cast for each target beyond the first.	~ costs {M} more to cast for each target beyond the first.
lea	aa7714b0-2bfb-458a-8ebf-37ec2c53383e	Fireball	Sorcery	1		0	0	2	spell_or_static_text	ability	printed		Fireball deals X damage divided evenly, rounded down, among any number of targets.	~ deals X damage divided evenly, rounded down, among any number of targets.
lea	8603bf74-faab-4910-8e45-0f2e3b318efb	Firebreathing	Enchantment — Aura	0		0	0	1	keyword_ability	ability	printed		Enchant creature	Enchant creature
lea	8603bf74-faab-4910-8e45-0f2e3b318efb	Firebreathing	Enchantment — Aura	1		0	0	2	activated_ability	ability	printed		{R}: Enchanted creature gets +1/+0 until end of turn.	{M}: Enchanted creature gets +N/+N until end of turn.
lea	c281f436-8c77-48f7-b31c-d40cd7f9ed6a	Flashfires	Sorcery	0		0	0	1	spell_or_static_text	ability	printed		Destroy all Plains.	Destroy all Plains.
lea	6a4068b0-fb4f-429c-a94e-47849f3eb7ef	Flight	Enchantment — Aura	0		0	0	1	keyword_ability	ability	printed		Enchant creature	Enchant creature
lea	6a4068b0-fb4f-429c-a94e-47849f3eb7ef	Flight	Enchantment — Aura	1		0	0	2	spell_or_static_text	ability	printed		Enchanted creature has flying.	Enchanted creature has flying.
lea	27e9db49-7af7-4bef-ad4c-bf5dfb92030d	Fog	Instant	0		0	0	1	spell_or_static_text	ability	printed		Prevent all combat damage that would be dealt this turn.	Prevent all combat damage that would be dealt this turn.
lea	e3c4c27d-f263-4c69-a4fe-2928136ff68b	Force of Nature	Creature — Elemental	0		0	0	1	keyword_ability	ability	printed		Trample	Trample
lea	e3c4c27d-f263-4c69-a4fe-2928136ff68b	Force of Nature	Creature — Elemental	1		0	0	2	triggered_ability	ability	printed		At the beginning of your upkeep, this creature deals 8 damage to you unless you pay {G}{G}{G}{G}.	At the beginning of your upkeep, ~ deals N damage to you unless you pay {M}{M}{M}{M}.
lea	bd6823fb-a696-4e6d-9c5e-3b55dfe03730	Forcefield	Artifact	0		0	0	1	activated_ability	ability	printed		{1}: The next time an unblocked creature of your choice would deal combat damage to you this turn, prevent all but 1 of that damage.	{M}: The next time an unblocked creature of your choice would deal combat damage to you this turn, prevent all but N of that damage.
lea	b34bb2dc-c1af-4d77-b0b3-a0fb342a5fc6	Forest	Basic Land — Forest	0		0	0	1	activated_ability	ability	rules_supplied	305.6	({T}: Add {G}.)	{M}: Add {M}.
lea	50c53ae0-51ba-4046-ac74-87c65e688032	Fork	Instant	0		0	0	1	spell_or_static_text	ability	printed		Copy target instant or sorcery spell, except that the copy is red. You may choose new targets for the copy.	Copy target instant or sorcery spell, except that the copy is red. You may choose new targets for the copy.
lea	f75f9006-217d-4ec8-9c35-ceefe1c5ae4e	Frozen Shade	Creature — Shade	0		0	0	1	activated_ability	ability	printed		{B}: This creature gets +1/+1 until end of turn.	{M}: ~ gets +N/+N until end of turn.
lea	3e771f5b-2de3-4a1b-8281-ab1f7491e5a1	Fungusaur	Creature — Fungus Dinosaur	0		0	0	1	triggered_ability	ability	printed		Whenever this creature is dealt damage, put a +1/+1 counter on it.	Whenever ~ is dealt damage, put a +N/+N counter on it.
lea	8d134a60-e1e5-4163-8bdc-36af91567185	Gaea's Liege	Creature — Avatar	0		0	0	1	spell_or_static_text	ability	printed		As long as Gaea's Liege isn't attacking, its power and toughness are each equal to the number of Forests you control. As long as Gaea's Liege is attacking, its power and toughness are each equal to the number of Forests defending player controls.	As long as ~ isn't attacking, its power and toughness are each equal to the number of Forests you control. As long as ~ is attacking, its power and toughness are each equal to the number of Forests defending player controls.
lea	8d134a60-e1e5-4163-8bdc-36af91567185	Gaea's Liege	Creature — Avatar	1		0	0	2	activated_ability	ability	printed		{T}: Target land becomes a Forest until this creature leaves the battlefield.	{M}: Target land becomes a Forest until ~ leaves the battlefield.
lea	d38ad188-515e-4865-a0ed-5d0fd4c7b453	Gauntlet of Might	Artifact	0		0	0	1	spell_or_static_text	ability	printed		Red creatures get +1/+1.	Red creatures get +N/+N.
lea	d38ad188-515e-4865-a0ed-5d0fd4c7b453	Gauntlet of Might	Artifact	1		0	0	2	triggered_ability	ability	printed		Whenever a Mountain is tapped for mana, its controller adds an additional {R}.	Whenever a Mountain is tapped for mana, its controller adds an additional {M}.
lea	5748ebf1-24e3-499d-ab7c-c2cebd462a24	Giant Growth	Instant	0		0	0	1	spell_or_static_text	ability	printed		Target creature gets +3/+3 until end of turn.	Target creature gets +N/+N until end of turn.
lea	e740ce2f-2134-473c-afa1-1b6d2d1e38ef	Giant Spider	Creature — Spider	0		0	0	1	keyword_ability	ability	printed		Reach	Reach
lea	af7fabf4-8d55-4b06-9c21-472f4a5775b4	Glasses of Urza	Artifact	0		0	0	1	activated_ability	ability	printed		{T}: Look at target player's hand.	{M}: Look at target player's hand.
lea	4d022f53-b1fb-4071-afcc-0af3214fe604	Gloom	Enchantment	0		0	0	1	spell_or_static_text	ability	printed		White spells cost {3} more to cast.	White spells cost {M} more to cast.
lea	4d022f53-b1fb-4071-afcc-0af3214fe604	Gloom	Enchantment	1		0	0	2	spell_or_static_text	ability	printed		Activated abilities of white enchantments cost {3} more to activate.	Activated abilities of white enchantments cost {M} more to activate.
lea	10bc98b0-3fdc-46d1-8d3b-6d160e9dd62f	Goblin Balloon Brigade	Creature — Goblin Warrior	0		0	0	1	activated_ability	ability	printed		{R}: This creature gains flying until end of turn.	{M}: ~ gains flying until end of turn.
lea	d236b3fc-0d3f-4d99-875d-e32a33fe5767	Goblin King	Creature — Goblin	0		0	0	1	spell_or_static_text	ability	printed		Other Goblins get +1/+1 and have mountainwalk.	Other Goblins get +N/+N and have mountainwalk.
lea	ef5248d4-4cd1-447c-bdcc-78a09a67d923	Granite Gargoyle	Creature — Gargoyle	0		0	0	1	keyword_ability	ability	printed		Flying	Flying
lea	ef5248d4-4cd1-447c-bdcc-78a09a67d923	Granite Gargoyle	Creature — Gargoyle	1		0	0	2	activated_ability	ability	printed		{R}: This creature gets +0/+1 until end of turn.	{M}: ~ gets +N/+N until end of turn.
lea	727ab7f2-741e-4442-b5cb-e3032549fa87	Green Ward	Enchantment — Aura	0		0	0	1	keyword_ability	ability	printed		Enchant creature	Enchant creature
lea	727ab7f2-741e-4442-b5cb-e3032549fa87	Green Ward	Enchantment — Aura	1		0	0	2	spell_or_static_text	ability	printed		Enchanted creature has protection from green. This effect doesn't remove this Aura.	Enchanted creature has protection from green. This effect doesn't remove ~.
lea	1a91ca69-e890-41dc-866b-3aabf10c9a9c	Guardian Angel	Instant	0		0	0	1	spell_or_static_text	ability	printed		Prevent the next X damage that would be dealt to any target this turn. Until end of turn, you may pay {1} any time you could cast an instant. If you do, prevent the next 1 damage that would be dealt to that permanent or player this turn.	Prevent the next X damage that would be dealt to any target this turn. Until end of turn, you may pay {M} any time you could cast an instant. If you do, prevent the next N damage that would be dealt to that permanent or player this turn.
lea	8da8644c-75a1-4fe9-8e94-900d948d631c	Healing Salve	Instant	0		0	0	1	spell_or_static_text	ability	printed		Choose one —	Choose one —
lea	8da8644c-75a1-4fe9-8e94-900d948d631c	Healing Salve	Instant	1	0	1	0	2	spell_or_static_text	mode	printed		Target player gains 3 life.	Target player gains N life.
lea	8da8644c-75a1-4fe9-8e94-900d948d631c	Healing Salve	Instant	2	0	1	0	3	prevention_effect	mode	printed		Prevent the next 3 damage that would be dealt to any target this turn.	Prevent the next N damage that would be dealt to any target this turn.
lea	948e3bb7-8265-4e95-acd1-a0c4f22441df	Helm of Chatzuk	Artifact	0		0	0	1	activated_ability	ability	printed		{1}, {T}: Target creature gains banding until end of turn.	{M}, {M}: Target creature gains banding until end of turn.
lea	912164c2-b4d4-42e3-a10e-903b8c7b2e6d	Holy Armor	Enchantment — Aura	0		0	0	1	keyword_ability	ability	printed		Enchant creature	Enchant creature
lea	912164c2-b4d4-42e3-a10e-903b8c7b2e6d	Holy Armor	Enchantment — Aura	1		0	0	2	spell_or_static_text	ability	printed		Enchanted creature gets +0/+2.	Enchanted creature gets +N/+N.
lea	912164c2-b4d4-42e3-a10e-903b8c7b2e6d	Holy Armor	Enchantment — Aura	2		0	0	3	activated_ability	ability	printed		{W}: Enchanted creature gets +0/+1 until end of turn.	{M}: Enchanted creature gets +N/+N until end of turn.
lea	9357de36-f8be-4f49-b2c8-9fe9eaf82b07	Holy Strength	Enchantment — Aura	0		0	0	1	keyword_ability	ability	printed		Enchant creature	Enchant creature
lea	9357de36-f8be-4f49-b2c8-9fe9eaf82b07	Holy Strength	Enchantment — Aura	1		0	0	2	spell_or_static_text	ability	printed		Enchanted creature gets +1/+2.	Enchanted creature gets +N/+N.
lea	403cf6ae-48a9-4ea9-894e-7135cfca4e1b	Howl from Beyond	Instant	0		0	0	1	spell_or_static_text	ability	printed		Target creature gets +X/+0 until end of turn.	Target creature gets +X/+N until end of turn.
lea	d26b27db-a567-4631-b4b6-7294222fbdd1	Howling Mine	Artifact	0		0	0	1	triggered_ability	ability	printed		At the beginning of each player's draw step, if this artifact is untapped, that player draws an additional card.	At the beginning of each player's draw step, if ~ is untapped, that player draws an additional card.
lea	9c021685-4017-49c7-9f58-2ae0243361a0	Hurricane	Sorcery	0		0	0	1	spell_or_static_text	ability	printed		Hurricane deals X damage to each creature with flying and each player.	~ deals X damage to each creature with flying and each player.
lea	759af941-f6a3-4726-91f2-9b1e4e55ea71	Hypnotic Specter	Creature — Specter	0		0	0	1	keyword_ability	ability	printed		Flying	Flying
lea	759af941-f6a3-4726-91f2-9b1e4e55ea71	Hypnotic Specter	Creature — Specter	1		0	0	2	triggered_ability	ability	printed		Whenever this creature deals damage to an opponent, that player discards a card at random.	Whenever ~ deals damage to an opponent, that player discards a card at random.
lea	a0b97e33-2d0c-4800-a9f5-9cd9be651ea8	Ice Storm	Sorcery	0		0	0	1	spell_or_static_text	ability	printed		Destroy target land.	Destroy target land.
lea	3608f1f7-8dc5-4dd1-ae91-c830e1de9529	Icy Manipulator	Artifact	0		0	0	1	activated_ability	ability	printed		{1}, {T}: Tap target artifact, creature, or land.	{M}, {M}: Tap target artifact, creature, or land.
lea	05ac866d-0405-4d25-986a-c10fcfc097e6	Illusionary Mask	Artifact	0		0	0	1	activated_ability	ability	printed		{X}: You may choose a creature card in your hand whose mana cost could be paid by some amount of, or all of, the mana you spent on {X}. If you do, you may cast that card face down as a 2/2 creature spell without paying its mana cost. If the creature that spell becomes as it resolves has not been turned face up and would assign or deal damage, be dealt damage, or become tapped, instead it's turned face up and assigns or deals damage, is dealt damage, or becomes tapped. Activate only as a sorcery.	{M}: You may choose a creature card in your hand whose mana cost could be paid by some amount of, or all of, the mana you spent on {M}. If you do, you may cast that card face down as a N/N creature spell without paying its mana cost. If the creature that spell becomes as it resolves has not been turned face up and would assign or deal damage, be dealt damage, or become tapped, instead it's turned face up and assigns or deals damage, is dealt damage, or becomes tapped. Activate only as a sorcery.
lea	8695c3c1-fb4b-4429-ae33-ec186f68796b	Instill Energy	Enchantment — Aura	0		0	0	1	keyword_ability	ability	printed		Enchant creature	Enchant creature
lea	8695c3c1-fb4b-4429-ae33-ec186f68796b	Instill Energy	Enchantment — Aura	1		0	0	2	spell_or_static_text	ability	printed		Enchanted creature can attack as though it had haste.	Enchanted creature can attack as though it had haste.
lea	8695c3c1-fb4b-4429-ae33-ec186f68796b	Instill Energy	Enchantment — Aura	2		0	0	3	activated_ability	ability	printed		{0}: Untap enchanted creature. Activate only during your turn and only once each turn.	{M}: Untap enchanted creature. Activate only during your turn and only once each turn.
lea	de26b0c6-dfb7-45a8-9d7f-f8d45522d675	Invisibility	Enchantment — Aura	0		0	0	1	keyword_ability	ability	printed		Enchant creature	Enchant creature
lea	de26b0c6-dfb7-45a8-9d7f-f8d45522d675	Invisibility	Enchantment — Aura	1		0	0	2	spell_or_static_text	ability	printed		Enchanted creature can't be blocked except by Walls.	Enchanted creature can't be blocked except by Walls.
lea	e9ec67e1-7064-44d4-a1ed-04b7893ffb15	Iron Star	Artifact	0		0	0	1	triggered_ability	ability	printed		Whenever a player casts a red spell, you may pay {1}. If you do, you gain 1 life.	Whenever a player casts a red spell, you may pay {M}. If you do, you gain N life.
lea	c645a616-0d7d-416c-b5f3-057b3a1666a0	Ironclaw Orcs	Creature — Orc	0		0	0	1	spell_or_static_text	ability	printed		This creature can't block creatures with power 2 or greater.	~ can't block creatures with power N or greater.
lea	b2c6aa39-2d2a-459c-a555-fb48ba993373	Island	Basic Land — Island	0		0	0	1	activated_ability	ability	rules_supplied	305.6	({T}: Add {U}.)	{M}: Add {M}.
lea	7d1769d0-d942-45b3-a31c-2bbe45e68661	Island Sanctuary	Enchantment	0		0	0	1	replacement_effect	ability	printed		If you would draw a card during your draw step, instead you may skip that draw. If you do, until your next turn, you can't be attacked except by creatures with flying and/or islandwalk.	If you would draw a card during your draw step, instead you may skip that draw. If you do, until your next turn, you can't be attacked except by creatures with flying and/or islandwalk.
lea	8e2017c3-057d-4e30-bd60-f486fddbc6ca	Ivory Cup	Artifact	0		0	0	1	triggered_ability	ability	printed		Whenever a player casts a white spell, you may pay {1}. If you do, you gain 1 life.	Whenever a player casts a white spell, you may pay {M}. If you do, you gain N life.
lea	1e105ab7-fb10-4cfd-ac2f-5e11488cf1b0	Jade Monolith	Artifact	0		0	0	1	activated_ability	ability	printed		{1}: The next time a source of your choice would deal damage to target creature this turn, that source deals that damage to you instead.	{M}: The next time a source of your choice would deal damage to target creature this turn, that source deals that damage to you instead.
lea	96162b22-41e7-4559-aa1b-c18f42abcb52	Jade Statue	Artifact	0		0	0	1	activated_ability	ability	printed		{2}: This artifact becomes a 3/6 Golem artifact creature until end of combat. Activate only during combat.	{M}: ~ becomes a N/N Golem artifact creature until end of combat. Activate only during combat.
lea	39ee576a-0803-4063-9c84-f2b537e4d44c	Jayemdae Tome	Artifact — Book	0		0	0	1	activated_ability	ability	printed		{4}, {T}: Draw a card.	{M}, {M}: Draw a card.
lea	4ac9116f-36bc-4d71-b696-d6ee064e1d58	Juggernaut	Artifact Creature — Juggernaut	0		0	0	1	spell_or_static_text	ability	printed		This creature attacks each combat if able.	~ attacks each combat if able.
lea	4ac9116f-36bc-4d71-b696-d6ee064e1d58	Juggernaut	Artifact Creature — Juggernaut	1		0	0	2	spell_or_static_text	ability	printed		This creature can't be blocked by Walls.	~ can't be blocked by Walls.
lea	f7518456-45ed-41d4-bd3c-5aacea28eb35	Jump	Instant	0		0	0	1	spell_or_static_text	ability	printed		Target creature gains flying until end of turn.	Target creature gains flying until end of turn.
lea	fac4da47-f0b2-4b57-9703-e0ed100d3499	Karma	Enchantment	0		0	0	1	triggered_ability	ability	printed		At the beginning of each player's upkeep, this enchantment deals damage to that player equal to the number of Swamps they control.	At the beginning of each player's upkeep, ~ deals damage to that player equal to the number of Swamps they control.
lea	acc869f8-dcbe-4d57-baa0-3eef4aceb251	Keldon Warlord	Creature — Human Barbarian	0		0	0	1	characteristic_defining_ability	ability	printed		Keldon Warlord's power and toughness are each equal to the number of non-Wall creatures you control.	~'s power and toughness are each equal to the number of non-Wall creatures you control.
lea	d2d477a5-f055-4d47-a852-26e8239f2a01	Kormus Bell	Artifact	0		0	0	1	spell_or_static_text	ability	printed		All Swamps are 1/1 black creatures that are still lands.	All Swamps are N/N black creatures that are still lands.
lea	51ca5965-ae39-4e51-8948-9a230a03f906	Kudzu	Enchantment — Aura	0		0	0	1	keyword_ability	ability	printed		Enchant land	Enchant land
lea	51ca5965-ae39-4e51-8948-9a230a03f906	Kudzu	Enchantment — Aura	1		0	0	2	triggered_ability	ability	printed		When enchanted land becomes tapped, destroy it. That land's controller may attach this Aura to a land of their choice.	When enchanted land becomes tapped, destroy it. That land's controller may attach ~ to a land of their choice.
lea	5960dd01-6797-4c73-b48a-f637b9c288cc	Lance	Enchantment — Aura	0		0	0	1	keyword_ability	ability	printed		Enchant creature	Enchant creature
lea	5960dd01-6797-4c73-b48a-f637b9c288cc	Lance	Enchantment — Aura	1		0	0	2	spell_or_static_text	ability	printed		Enchanted creature has first strike.	Enchanted creature has first strike.
lea	a4ae41c7-9631-407d-8fd3-04f403d940a8	Ley Druid	Creature — Human Druid	0		0	0	1	activated_ability	ability	printed		{T}: Untap target land.	{M}: Untap target land.
lea	867def48-4be8-4056-bcf1-d6b00450b9a3	Library of Leng	Artifact	0		0	0	1	spell_or_static_text	ability	printed		You have no maximum hand size.	You have no maximum hand size.
lea	867def48-4be8-4056-bcf1-d6b00450b9a3	Library of Leng	Artifact	1		0	0	2	replacement_effect	ability	printed		If an effect causes you to discard a card, discard it, but you may put it on top of your library instead of into your graveyard.	If an effect causes you to discard a card, discard it, but you may put it on top of your library instead of into your graveyard.
lea	5b7515f2-7a5a-4e2a-9784-6cbacd768172	Lich	Enchantment	0		0	0	1	replacement_effect	ability	printed		As this enchantment enters, you lose life equal to your life total.	As ~ enters, you lose life equal to your life total.
lea	5b7515f2-7a5a-4e2a-9784-6cbacd768172	Lich	Enchantment	1		0	0	2	spell_or_static_text	ability	printed		You don't lose the game for having 0 or less life.	You don't lose the game for having N or less life.
lea	5b7515f2-7a5a-4e2a-9784-6cbacd768172	Lich	Enchantment	2		0	0	3	replacement_effect	ability	printed		If you would gain life, draw that many cards instead.	If you would gain life, draw that many cards instead.
lea	5b7515f2-7a5a-4e2a-9784-6cbacd768172	Lich	Enchantment	3		0	0	4	triggered_ability	ability	printed		Whenever you're dealt damage, sacrifice that many nontoken permanents. If you can't, you lose the game.	Whenever you're dealt damage, sacrifice that many nontoken permanents. If you can't, you lose the game.
lea	5b7515f2-7a5a-4e2a-9784-6cbacd768172	Lich	Enchantment	4		0	0	5	triggered_ability	ability	printed		When this enchantment is put into a graveyard from the battlefield, you lose the game.	When ~ is put into a graveyard from the battlefield, you lose the game.
lea	07ae1fe5-5c3e-4d94-b809-8defd2ef44e3	Lifeforce	Enchantment	0		0	0	1	activated_ability	ability	printed		{G}{G}: Counter target black spell.	{M}{M}: Counter target black spell.
lea	eec1de80-4b3d-481d-a235-c299e0381830	Lifelace	Instant	0		0	0	1	spell_or_static_text	ability	printed		Target spell or permanent becomes green.	Target spell or permanent becomes green.
lea	52ac09af-2aa7-4d80-be26-3e6a6efd5c23	Lifetap	Enchantment	0		0	0	1	triggered_ability	ability	printed		Whenever a Forest an opponent controls becomes tapped, you gain 1 life.	Whenever a Forest an opponent controls becomes tapped, you gain N life.
lea	4457ed35-7c10-48c8-9776-456485fdf070	Lightning Bolt	Instant	0		0	0	1	spell_or_static_text	ability	printed		Lightning Bolt deals 3 damage to any target.	~ deals N damage to any target.
lea	4ff9af56-ac18-4966-9e48-183e1ca1c2d0	Living Artifact	Enchantment — Aura	0		0	0	1	keyword_ability	ability	printed		Enchant artifact	Enchant artifact
lea	4ff9af56-ac18-4966-9e48-183e1ca1c2d0	Living Artifact	Enchantment — Aura	1		0	0	2	triggered_ability	ability	printed		Whenever you're dealt damage, put that many vitality counters on this Aura.	Whenever you're dealt damage, put that many vitality counters on ~.
lea	4ff9af56-ac18-4966-9e48-183e1ca1c2d0	Living Artifact	Enchantment — Aura	2		0	0	3	triggered_ability	ability	printed		At the beginning of your upkeep, you may remove a vitality counter from this Aura. If you do, you gain 1 life.	At the beginning of your upkeep, you may remove a vitality counter from ~. If you do, you gain N life.
lea	8f0179fe-6d7d-49cc-ab06-d3b402c6fc8d	Living Lands	Enchantment	0		0	0	1	spell_or_static_text	ability	printed		All Forests are 1/1 creatures that are still lands.	All Forests are N/N creatures that are still lands.
lea	4844312c-3c9d-4ca1-986d-4ad35e68454e	Living Wall	Artifact Creature — Wall	0		0	0	1	keyword_ability	ability	printed		Defender	Defender
lea	4844312c-3c9d-4ca1-986d-4ad35e68454e	Living Wall	Artifact Creature — Wall	1		0	0	2	activated_ability	ability	printed		{1}: Regenerate this creature.	{M}: Regenerate ~.
lea	68954295-54e3-4303-a6bc-fc4547a4e3a3	Llanowar Elves	Creature — Elf Druid	0		0	0	1	activated_ability	ability	printed		{T}: Add {G}.	{M}: Add {M}.
lea	cc7f290f-ca00-4285-9bdb-4b4402444f30	Lord of Atlantis	Creature — Merfolk	0		0	0	1	spell_or_static_text	ability	printed		Other Merfolk get +1/+1 and have islandwalk.	Other Merfolk get +N/+N and have islandwalk.
lea	ea152809-85a2-4fde-8251-3b1f267e4443	Lord of the Pit	Creature — Demon	0		0	0	1	keyword_ability	ability	printed		Flying	Flying
lea	ea152809-85a2-4fde-8251-3b1f267e4443	Lord of the Pit	Creature — Demon	1		0	0	1	keyword_ability	ability	printed		trample	Trample
lea	ea152809-85a2-4fde-8251-3b1f267e4443	Lord of the Pit	Creature — Demon	2		0	0	2	triggered_ability	ability	printed		At the beginning of your upkeep, sacrifice a creature other than this creature. If you can't, this creature deals 7 damage to you.	At the beginning of your upkeep, sacrifice a creature other than ~. If you can't, ~ deals N damage to you.
lea	7a7425ba-4478-4bc4-855f-abf947ea4fa2	Lure	Enchantment — Aura	0		0	0	1	keyword_ability	ability	printed		Enchant creature	Enchant creature
lea	7a7425ba-4478-4bc4-855f-abf947ea4fa2	Lure	Enchantment — Aura	1		0	0	2	spell_or_static_text	ability	printed		All creatures able to block enchanted creature do so.	All creatures able to block enchanted creature do so.
lea	cba229fa-9035-405b-b091-3798898a37ee	Magical Hack	Instant	0		0	0	1	spell_or_static_text	ability	printed		Change the text of target spell or permanent by replacing all instances of one basic land type with another.	Change the text of target spell or permanent by replacing all instances of one basic land type with another.
lea	c39ea5f9-6ec0-4697-897b-779e326754a7	Mahamoti Djinn	Creature — Djinn	0		0	0	1	keyword_ability	ability	printed		Flying	Flying
lea	97159138-c34b-416e-b079-5c952383a243	Mana Flare	Enchantment	0		0	0	1	triggered_ability	ability	printed		Whenever a player taps a land for mana, that player adds one mana of any type that land produced.	Whenever a player taps a land for mana, that player adds one mana of any type that land produced.
lea	48207d1c-448a-4e1b-974a-642dfea75933	Mana Short	Instant	0		0	0	1	spell_or_static_text	ability	printed		Tap all lands target player controls and that player loses all unspent mana.	Tap all lands target player controls and that player loses all unspent mana.
lea	736892cb-a34b-4bb9-b56c-e26e3db207a2	Mana Vault	Artifact	0		0	0	1	spell_or_static_text	ability	printed		This artifact doesn't untap during your untap step.	~ doesn't untap during your untap step.
lea	736892cb-a34b-4bb9-b56c-e26e3db207a2	Mana Vault	Artifact	1		0	0	2	triggered_ability	ability	printed		At the beginning of your upkeep, you may pay {4}. If you do, untap this artifact.	At the beginning of your upkeep, you may pay {M}. If you do, untap ~.
lea	736892cb-a34b-4bb9-b56c-e26e3db207a2	Mana Vault	Artifact	2		0	0	3	triggered_ability	ability	printed		At the beginning of your draw step, if this artifact is tapped, it deals 1 damage to you.	At the beginning of your draw step, if ~ is tapped, it deals N damage to you.
lea	736892cb-a34b-4bb9-b56c-e26e3db207a2	Mana Vault	Artifact	3		0	0	4	activated_ability	ability	printed		{T}: Add {C}{C}{C}.	{M}: Add {M}{M}{M}.
lea	0f1afedd-c60f-454f-b84a-c8117aec0128	Manabarbs	Enchantment	0		0	0	1	triggered_ability	ability	printed		Whenever a player taps a land for mana, this enchantment deals 1 damage to that player.	Whenever a player taps a land for mana, ~ deals N damage to that player.
lea	5ba73182-30a7-4bad-9cb6-c0feecc2db33	Meekstone	Artifact	0		0	0	1	spell_or_static_text	ability	printed		Creatures with power 3 or greater don't untap during their controllers' untap steps.	Creatures with power N or greater don't untap during their controllers' untap steps.
lea	8161f5b8-6aab-4133-ba2c-2e7b5774153e	Mesa Pegasus	Creature — Pegasus	0		0	0	1	keyword_ability	ability	printed		Flying	Flying
lea	8161f5b8-6aab-4133-ba2c-2e7b5774153e	Mesa Pegasus	Creature — Pegasus	1		0	0	1	keyword_ability	ability	printed		banding	Banding
lea	78f9c223-9982-4282-a496-a6f892f0a5bf	Mind Twist	Sorcery	0		0	0	1	spell_or_static_text	ability	printed		Target player discards X cards at random.	Target player discards X cards at random.
lea	a3fb7228-e76b-4e96-a40e-20b5fed75685	Mountain	Basic Land — Mountain	0		0	0	1	activated_ability	ability	rules_supplied	305.6	({T}: Add {R}.)	{M}: Add {M}.
lea	376ee366-e082-402f-b4db-6592fcfcacd2	Mox Emerald	Artifact	0		0	0	1	activated_ability	ability	printed		{T}: Add {G}.	{M}: Add {M}.
lea	0677f49e-f8bf-4349-af52-2ccde9287c2e	Mox Jet	Artifact	0		0	0	1	activated_ability	ability	printed		{T}: Add {B}.	{M}: Add {M}.
lea	824597b8-c89a-47ec-8526-7efc6e24ef0e	Mox Pearl	Artifact	0		0	0	1	activated_ability	ability	printed		{T}: Add {W}.	{M}: Add {M}.
lea	ed85fa82-e4fa-434b-92a8-36b6075708d1	Mox Ruby	Artifact	0		0	0	1	activated_ability	ability	printed		{T}: Add {R}.	{M}: Add {M}.
lea	d5ed1233-df87-4b90-8918-13922ec95249	Mox Sapphire	Artifact	0		0	0	1	activated_ability	ability	printed		{T}: Add {U}.	{M}: Add {M}.
lea	57f90b30-bcb0-447e-8788-5c5ded187207	Natural Selection	Instant	0		0	0	1	spell_or_static_text	ability	printed		Look at the top three cards of target player's library, then put them back in any order. You may have that player shuffle.	Look at the top three cards of target player's library, then put them back in any order. You may have that player shuffle.
lea	c358b9e2-524c-434b-b3fa-74d2aa6d1df7	Nether Shadow	Creature — Spirit	0		0	0	1	keyword_ability	ability	printed		Haste	Haste
lea	c358b9e2-524c-434b-b3fa-74d2aa6d1df7	Nether Shadow	Creature — Spirit	1		0	0	2	triggered_ability	ability	printed		At the beginning of your upkeep, if this card is in your graveyard with three or more creature cards above it, you may put this card onto the battlefield.	At the beginning of your upkeep, if ~ is in your graveyard with three or more creature cards above it, you may put ~ onto the battlefield.
lea	c58dfcbf-49e6-4ef0-bd31-ebd81b0cfa41	Nettling Imp	Creature — Imp	0		0	0	1	activated_ability	ability	printed		{T}: Choose target non-Wall creature the active player has controlled continuously since the beginning of the turn. That creature attacks this turn if able. Activate only during an opponent's turn, before attackers are declared.	{M}: Choose target non-Wall creature the active player has controlled continuously since the beginning of the turn. That creature attacks this turn if able. Activate only during an opponent's turn, before attackers are declared.
lea	c58dfcbf-49e6-4ef0-bd31-ebd81b0cfa41	Nettling Imp	Creature — Imp	1	0	1	0	1	triggered_ability	delayed_trigger	printed		Destroy it at the beginning of the next end step if it didn't attack this turn.	Destroy it at the beginning of the next end step if it didn't attack this turn.
lea	96230edf-568a-47dd-b877-9d92aa58fac8	Nevinyrral's Disk	Artifact	0		0	0	1	replacement_effect	ability	printed		This artifact enters tapped.	~ enters tapped.
lea	96230edf-568a-47dd-b877-9d92aa58fac8	Nevinyrral's Disk	Artifact	1		0	0	2	activated_ability	ability	printed		{1}, {T}: Destroy all artifacts, creatures, and enchantments.	{M}, {M}: Destroy all artifacts, creatures, and enchantments.
lea	375932e6-1b3e-48dc-8154-9b664c3add34	Nightmare	Creature — Nightmare Horse	0		0	0	1	keyword_ability	ability	printed		Flying	Flying
lea	375932e6-1b3e-48dc-8154-9b664c3add34	Nightmare	Creature — Nightmare Horse	1		0	0	2	characteristic_defining_ability	ability	printed		Nightmare's power and toughness are each equal to the number of Swamps you control.	~'s power and toughness are each equal to the number of Swamps you control.
lea	f5975294-508a-453e-893a-2fbea2487d17	Northern Paladin	Creature — Human Knight	0		0	0	1	activated_ability	ability	printed		{W}{W}, {T}: Destroy target black permanent.	{M}{M}, {M}: Destroy target black permanent.
lea	c000811e-bde7-4840-a3bb-9714d5c977eb	Orcish Artillery	Creature — Orc Warrior	0		0	0	1	activated_ability	ability	printed		{T}: This creature deals 2 damage to any target and 3 damage to you.	{M}: ~ deals N damage to any target and N damage to you.
lea	0b16a650-68b0-44dc-a9e1-15b7966e0b18	Orcish Oriflamme	Enchantment	0		0	0	1	spell_or_static_text	ability	printed		Attacking creatures you control get +1/+0.	Attacking creatures you control get +N/+N.
lea	e9b4e857-39e5-4a06-89ad-3dd94b3f252a	Paralyze	Enchantment — Aura	0		0	0	1	keyword_ability	ability	printed		Enchant creature	Enchant creature
lea	e9b4e857-39e5-4a06-89ad-3dd94b3f252a	Paralyze	Enchantment — Aura	1		0	0	2	triggered_ability	ability	printed		When this Aura enters, tap enchanted creature.	When ~ enters, tap enchanted creature.
lea	e9b4e857-39e5-4a06-89ad-3dd94b3f252a	Paralyze	Enchantment — Aura	2		0	0	3	spell_or_static_text	ability	printed		Enchanted creature doesn't untap during its controller's untap step.	Enchanted creature doesn't untap during its controller's untap step.
lea	e9b4e857-39e5-4a06-89ad-3dd94b3f252a	Paralyze	Enchantment — Aura	3		0	0	4	triggered_ability	ability	printed		At the beginning of the upkeep of enchanted creature's controller, that player may pay {4}. If the player does, untap the creature.	At the beginning of the upkeep of enchanted creature's controller, that player may pay {M}. If the player does, untap the creature.
lea	6e49a5b8-6bc4-4c7b-82c1-957f1fb0ca5f	Personal Incarnation	Creature — Avatar Incarnation	0		0	0	1	activated_ability	ability	printed		{0}: The next 1 damage that would be dealt to this creature this turn is dealt to its owner instead. Only this creatures owner may activate this ability.	{M}: The next N damage that would be dealt to ~ this turn is dealt to its owner instead. Only this creatures owner may activate this ability.
lea	6e49a5b8-6bc4-4c7b-82c1-957f1fb0ca5f	Personal Incarnation	Creature — Avatar Incarnation	1		0	0	2	triggered_ability	ability	printed		When this creature dies, its owner loses half their life, rounded up.	When ~ dies, its owner loses half their life, rounded up.
lea	dafe63ef-f3d6-45e7-877a-573da92ba85e	Pestilence	Enchantment	0		0	0	1	triggered_ability	ability	printed		At the beginning of the end step, if no creatures are on the battlefield, sacrifice this enchantment.	At the beginning of the end step, if no creatures are on the battlefield, sacrifice ~.
lea	dafe63ef-f3d6-45e7-877a-573da92ba85e	Pestilence	Enchantment	1		0	0	2	activated_ability	ability	printed		{B}: This enchantment deals 1 damage to each creature and each player.	{M}: ~ deals N damage to each creature and each player.
lea	06a158c6-7e36-49f8-a8e0-a7b7df5fd7ed	Phantasmal Forces	Creature — Illusion	0		0	0	1	keyword_ability	ability	printed		Flying	Flying
lea	06a158c6-7e36-49f8-a8e0-a7b7df5fd7ed	Phantasmal Forces	Creature — Illusion	1		0	0	2	triggered_ability	ability	printed		At the beginning of your upkeep, sacrifice this creature unless you pay {U}.	At the beginning of your upkeep, sacrifice ~ unless you pay {M}.
lea	7dcbce46-2973-4a9f-93df-95ac41ce668a	Phantasmal Terrain	Enchantment — Aura	0		0	0	1	keyword_ability	ability	printed		Enchant land	Enchant land
lea	7dcbce46-2973-4a9f-93df-95ac41ce668a	Phantasmal Terrain	Enchantment — Aura	1		0	0	2	replacement_effect	ability	printed		As this Aura enters, choose a basic land type.	As ~ enters, choose a basic land type.
lea	7dcbce46-2973-4a9f-93df-95ac41ce668a	Phantasmal Terrain	Enchantment — Aura	2		0	0	3	spell_or_static_text	ability	printed		Enchanted land is the chosen type.	Enchanted land is the chosen type.
lea	bbd30183-524c-4b93-b953-90853ec3f39f	Phantom Monster	Creature — Illusion	0		0	0	1	keyword_ability	ability	printed		Flying	Flying
lea	c6b3f924-806d-47d3-b044-72b48470196c	Pirate Ship	Creature — Human Pirate	0		0	0	1	spell_or_static_text	ability	printed		This creature can't attack unless defending player controls an Island.	~ can't attack unless defending player controls an Island.
lea	c6b3f924-806d-47d3-b044-72b48470196c	Pirate Ship	Creature — Human Pirate	1		0	0	2	activated_ability	ability	printed		{T}: This creature deals 1 damage to any target.	{M}: ~ deals N damage to any target.
lea	c6b3f924-806d-47d3-b044-72b48470196c	Pirate Ship	Creature — Human Pirate	2		0	0	3	triggered_ability	ability	printed		When you control no Islands, sacrifice this creature.	When you control no Islands, sacrifice ~.
lea	16cf1cf9-6900-406c-a5b4-0e5750f530e0	Plague Rats	Creature — Rat	0		0	0	1	characteristic_defining_ability	ability	printed		Plague Rats's power and toughness are each equal to the number of creatures named Plague Rats on the battlefield.	~'s power and toughness are each equal to the number of creatures named Plague Rats on the battlefield.
lea	bc71ebf6-2056-41f7-be35-b2e5c34afa99	Plains	Basic Land — Plains	0		0	0	1	activated_ability	ability	rules_supplied	305.6	({T}: Add {W}.)	{M}: Add {M}.
lea	c7a15ca4-085f-4d92-8387-c3711c04c8fa	Plateau	Land — Mountain Plains	0		0	0	1	activated_ability	ability	rules_supplied	305.6	({T}: Add {R} or {W}.)	{M}: Add {M} or {M}.
lea	dc2f0000-870b-487f-9623-618fc8eb9765	Power Leak	Enchantment — Aura	0		0	0	1	keyword_ability	ability	printed		Enchant enchantment	Enchant enchantment
lea	dc2f0000-870b-487f-9623-618fc8eb9765	Power Leak	Enchantment — Aura	1		0	0	2	triggered_ability	ability	printed		At the beginning of the upkeep of enchanted enchantment's controller, that player may pay any amount of mana. This Aura deals 2 damage to that player. Prevent X of that damage, where X is the amount of mana that player paid this way.	At the beginning of the upkeep of enchanted enchantment's controller, that player may pay any amount of mana. ~ deals N damage to that player. Prevent X of that damage, where X is the amount of mana that player paid this way.
lea	39412e6d-2837-4729-abf9-e64a5ba87e40	Power Sink	Instant	0		0	0	1	spell_or_static_text	ability	printed		Counter target spell unless its controller pays {X}. If that player doesn't, they tap all lands with mana abilities they control and lose all unspent mana.	Counter target spell unless its controller pays {M}. If that player doesn't, they tap all lands with mana abilities they control and lose all unspent mana.
lea	156b2228-f7b2-4816-b894-c4953a32c05f	Power Surge	Enchantment	0		0	0	1	triggered_ability	ability	printed		At the beginning of each player's upkeep, this enchantment deals X damage to that player, where X is the number of untapped lands they controlled at the beginning of this turn.	At the beginning of each player's upkeep, ~ deals X damage to that player, where X is the number of untapped lands they controlled at the beginning of this turn.
lea	5e961d15-5972-4e4b-9385-1cd7cd7c6bbe	Prodigal Sorcerer	Creature — Human Wizard Sorcerer	0		0	0	1	activated_ability	ability	printed		{T}: This creature deals 1 damage to any target.	{M}: ~ deals N damage to any target.
lea	7f221ad6-7ec4-483d-a6b5-1456c95c1cad	Psionic Blast	Instant	0		0	0	1	spell_or_static_text	ability	printed		Psionic Blast deals 4 damage to any target and 2 damage to you.	~ deals N damage to any target and N damage to you.
lea	a60422e8-f2f4-4c37-a0f4-eedad27eb08c	Psychic Venom	Enchantment — Aura	0		0	0	1	keyword_ability	ability	printed		Enchant land	Enchant land
lea	a60422e8-f2f4-4c37-a0f4-eedad27eb08c	Psychic Venom	Enchantment — Aura	1		0	0	2	triggered_ability	ability	printed		Whenever enchanted land becomes tapped, this Aura deals 2 damage to that land's controller.	Whenever enchanted land becomes tapped, ~ deals N damage to that land's controller.
lea	3773001a-8868-49ec-a406-298cf72359c2	Purelace	Instant	0		0	0	1	spell_or_static_text	ability	printed		Target spell or permanent becomes white.	Target spell or permanent becomes white.
lea	a2310312-6e1e-4e34-a351-9aef499a810f	Raging River	Enchantment	0		0	0	1	triggered_ability	ability	printed		Whenever one or more creatures you control attack, each defending player divides all creatures without flying they control into a "left" pile and a "right" pile. Then, for each attacking creature you control, choose "left" or "right." That creature can't be blocked this combat except by creatures with flying and creatures in a pile with the chosen label.	Whenever one or more creatures you control attack, each defending player divides all creatures without flying they control into a "left" pile and a "right" pile. Then, for each attacking creature you control, choose "left" or "right." That creature can't be blocked this combat except by creatures with flying and creatures in a pile with the chosen label.
lea	cbc9c731-181a-4f00-a7b0-eb7e56eac2ea	Raise Dead	Sorcery	0		0	0	1	spell_or_static_text	ability	printed		Return target creature card from your graveyard to your hand.	Return target creature card from your graveyard to your hand.
lea	bb329a5c-b9f9-4973-a53f-090024146325	Red Elemental Blast	Instant	0		0	0	1	spell_or_static_text	ability	printed		Choose one —	Choose one —
lea	bb329a5c-b9f9-4973-a53f-090024146325	Red Elemental Blast	Instant	1	0	1	0	2	spell_or_static_text	mode	printed		Counter target blue spell.	Counter target blue spell.
lea	bb329a5c-b9f9-4973-a53f-090024146325	Red Elemental Blast	Instant	2	0	1	0	3	spell_or_static_text	mode	printed		Destroy target blue permanent.	Destroy target blue permanent.
lea	73f84440-425f-4cf5-b01a-3ae89f1f6e37	Red Ward	Enchantment — Aura	0		0	0	1	keyword_ability	ability	printed		Enchant creature	Enchant creature
lea	73f84440-425f-4cf5-b01a-3ae89f1f6e37	Red Ward	Enchantment — Aura	1		0	0	2	spell_or_static_text	ability	printed		Enchanted creature has protection from red. This effect doesn't remove this Aura.	Enchanted creature has protection from red. This effect doesn't remove ~.
lea	89390a33-b289-4edd-a114-6616e49a49c2	Regeneration	Enchantment — Aura	0		0	0	1	keyword_ability	ability	printed		Enchant creature	Enchant creature
lea	89390a33-b289-4edd-a114-6616e49a49c2	Regeneration	Enchantment — Aura	1		0	0	2	activated_ability	ability	printed		{G}: Regenerate enchanted creature.	{M}: Regenerate enchanted creature.
lea	e6e4a8bd-5c40-4654-8de1-0da9afed90fd	Regrowth	Sorcery	0		0	0	1	spell_or_static_text	ability	printed		Return target card from your graveyard to your hand.	Return target card from your graveyard to your hand.
lea	837417d8-8260-486d-a3ed-3b5711eaf34a	Resurrection	Sorcery	0		0	0	1	spell_or_static_text	ability	printed		Return target creature card from your graveyard to the battlefield.	Return target creature card from your graveyard to the battlefield.
lea	eaaf7c30-f463-4115-a40e-7dc717063413	Reverse Damage	Instant	0		0	0	1	spell_or_static_text	ability	printed		The next time a source of your choice would deal damage to you this turn, prevent that damage. You gain life equal to the damage prevented this way.	The next time a source of your choice would deal damage to you this turn, prevent that damage. You gain life equal to the damage prevented this way.
lea	3f6b2f76-0364-415e-a6a2-e9e5bf31b745	Righteousness	Instant	0		0	0	1	spell_or_static_text	ability	printed		Target blocking creature gets +7/+7 until end of turn.	Target blocking creature gets +N/+N until end of turn.
lea	01f07ab9-3c3e-4fea-9cd6-543a5b7056b8	Roc of Kher Ridges	Creature — Bird	0		0	0	1	keyword_ability	ability	printed		Flying	Flying
lea	aff84707-f5f8-4f53-869e-feec78da8d8d	Rock Hydra	Creature — Hydra	0		0	0	1	replacement_effect	ability	printed		This creature enters with X +1/+1 counters on it.	~ enters with X +N/+N counters on it.
lea	aff84707-f5f8-4f53-869e-feec78da8d8d	Rock Hydra	Creature — Hydra	1		0	0	2	prevention_effect	ability	printed		For each 1 damage that would be dealt to this creature, if it has a +1/+1 counter on it, remove a +1/+1 counter from it and prevent that 1 damage.	For each N damage that would be dealt to ~, if it has a +N/+N counter on it, remove a +N/+N counter from it and prevent that N damage.
lea	aff84707-f5f8-4f53-869e-feec78da8d8d	Rock Hydra	Creature — Hydra	2		0	0	3	activated_ability	ability	printed		{R}: Prevent the next 1 damage that would be dealt to this creature this turn.	{M}: Prevent the next N damage that would be dealt to ~ this turn.
lea	aff84707-f5f8-4f53-869e-feec78da8d8d	Rock Hydra	Creature — Hydra	3		0	0	4	activated_ability	ability	printed		{R}{R}{R}: Put a +1/+1 counter on this creature. Activate only during your upkeep.	{M}{M}{M}: Put a +N/+N counter on ~. Activate only during your upkeep.
lea	c29a04ab-4e14-45d8-a993-3fffd0e2f6eb	Rod of Ruin	Artifact	0		0	0	1	activated_ability	ability	printed		{3}, {T}: This artifact deals 1 damage to any target.	{M}, {M}: ~ deals N damage to any target.
lea	9ed6f28f-a3db-48c5-9ab0-b90a7fba5f57	Royal Assassin	Creature — Human Assassin	0		0	0	1	activated_ability	ability	printed		{T}: Destroy target tapped creature.	{M}: Destroy target tapped creature.
lea	068b3692-411b-44d4-a7e9-005262760cfc	Sacrifice	Instant	0		0	0	1	additional_cost	ability	printed		As an additional cost to cast this spell, sacrifice a creature.	As an additional cost to cast ~, sacrifice a creature.
lea	068b3692-411b-44d4-a7e9-005262760cfc	Sacrifice	Instant	1		0	0	2	spell_or_static_text	ability	printed		Add an amount of {B} equal to the sacrificed creature's mana value.	Add an amount of {M} equal to the sacrificed creature's mana value.
lea	95a0ca48-d924-47f4-86ed-42c673ee778c	Samite Healer	Creature — Human Cleric	0		0	0	1	activated_ability	ability	printed		{T}: Prevent the next 1 damage that would be dealt to any target this turn.	{M}: Prevent the next N damage that would be dealt to any target this turn.
lea	703243f0-8cb3-420f-958f-5fd4bde30293	Savannah	Land — Forest Plains	0		0	0	1	activated_ability	ability	rules_supplied	305.6	({T}: Add {G} or {W}.)	{M}: Add {M} or {M}.
lea	68c0c04e-b0d5-4721-83bf-bf18e8b7e680	Scavenging Ghoul	Creature — Zombie	0		0	0	1	triggered_ability	ability	printed		At the beginning of each end step, put a corpse counter on this creature for each creature that died this turn.	At the beginning of each end step, put a corpse counter on ~ for each creature that died this turn.
lea	68c0c04e-b0d5-4721-83bf-bf18e8b7e680	Scavenging Ghoul	Creature — Zombie	1		0	0	2	activated_ability	ability	printed		Remove a corpse counter from this creature: Regenerate this creature.	Remove a corpse counter from ~: Regenerate ~.
lea	c8d95ca8-7d12-4072-aeaf-e20f248c7e39	Scrubland	Land — Plains Swamp	0		0	0	1	activated_ability	ability	rules_supplied	305.6	({T}: Add {W} or {B}.)	{M}: Add {M} or {M}.
lea	a1f20695-6f08-4d5c-9fba-b0018bee298e	Scryb Sprites	Creature — Faerie	0		0	0	1	keyword_ability	ability	printed		Flying	Flying
lea	c16495fc-784d-4bac-9a68-ed437008df73	Sea Serpent	Creature — Serpent	0		0	0	1	spell_or_static_text	ability	printed		This creature can't attack unless defending player controls an Island.	~ can't attack unless defending player controls an Island.
lea	c16495fc-784d-4bac-9a68-ed437008df73	Sea Serpent	Creature — Serpent	1		0	0	2	triggered_ability	ability	printed		When you control no Islands, sacrifice this creature.	When you control no Islands, sacrifice ~.
lea	a6a43190-cca2-4f07-afe9-8af681d777da	Sedge Troll	Creature — Troll	0		0	0	1	spell_or_static_text	ability	printed		This creature gets +1/+1 as long as you control a Swamp.	~ gets +N/+N as long as you control a Swamp.
lea	a6a43190-cca2-4f07-afe9-8af681d777da	Sedge Troll	Creature — Troll	1		0	0	2	activated_ability	ability	printed		{B}: Regenerate this creature.	{M}: Regenerate ~.
lea	749141aa-f6c4-4ad8-b146-406e68ae9b0b	Sengir Vampire	Creature — Vampire	0		0	0	1	keyword_ability	ability	printed		Flying	Flying
lea	749141aa-f6c4-4ad8-b146-406e68ae9b0b	Sengir Vampire	Creature — Vampire	1		0	0	2	triggered_ability	ability	printed		Whenever a creature dealt damage by this creature this turn dies, put a +1/+1 counter on this creature.	Whenever a creature dealt damage by ~ this turn dies, put a +N/+N counter on ~.
lea	4b7ac066-e5c7-43e6-9e7e-2739b24a905d	Serra Angel	Creature — Angel	0		0	0	1	keyword_ability	ability	printed		Flying	Flying
lea	4b7ac066-e5c7-43e6-9e7e-2739b24a905d	Serra Angel	Creature — Angel	1		0	0	2	keyword_ability	ability	printed		Vigilance	Vigilance
lea	998484cc-fefc-4da5-9987-5d6e89599c34	Shanodin Dryads	Creature — Nymph Dryad	0		0	0	1	keyword_ability	ability	printed		Forestwalk	Forestwalk
lea	84d32e68-72b9-432d-a023-7bc6a26b8ad0	Shatter	Instant	0		0	0	1	spell_or_static_text	ability	printed		Destroy target artifact.	Destroy target artifact.
lea	711eea87-0fa3-46e0-a42b-fa5a86455f04	Shivan Dragon	Creature — Dragon	0		0	0	1	keyword_ability	ability	printed		Flying	Flying
lea	711eea87-0fa3-46e0-a42b-fa5a86455f04	Shivan Dragon	Creature — Dragon	1		0	0	2	activated_ability	ability	printed		{R}: This creature gets +1/+0 until end of turn.	{M}: ~ gets +N/+N until end of turn.
lea	20d69989-7250-40c7-a064-8ed78ccbe556	Simulacrum	Instant	0		0	0	1	spell_or_static_text	ability	printed		You gain life equal to the damage dealt to you this turn. Simulacrum deals damage to target creature you control equal to the damage dealt to you this turn.	You gain life equal to the damage dealt to you this turn. ~ deals damage to target creature you control equal to the damage dealt to you this turn.
lea	5a46ad2a-35b1-4dd5-b7c3-fec36b7c67ab	Sinkhole	Sorcery	0		0	0	1	spell_or_static_text	ability	printed		Destroy target land.	Destroy target land.
lea	269fc857-a052-4f0a-9759-467ccf42bebb	Siren's Call	Instant	0		0	0	1	cast_restriction	ability	printed		Cast this spell only during an opponent's turn, before attackers are declared.	Cast ~ only during an opponent's turn, before attackers are declared.
lea	269fc857-a052-4f0a-9759-467ccf42bebb	Siren's Call	Instant	1		0	0	2	spell_or_static_text	ability	printed		Creatures the active player controls attack this turn if able.	Creatures the active player controls attack this turn if able.
lea	269fc857-a052-4f0a-9759-467ccf42bebb	Siren's Call	Instant	2	1	1	0	3	triggered_ability	delayed_trigger	printed		At the beginning of the next end step, destroy all non-Wall creatures that player controls that didn't attack this turn. Ignore this effect for each creature the player didn't control continuously since the beginning of the turn.	At the beginning of the next end step, destroy all non-Wall creatures that player controls that didn't attack this turn. Ignore this effect for each creature the player didn't control continuously since the beginning of the turn.
lea	99dba614-40d3-41c1-a3b2-edc8777b010f	Sleight of Mind	Instant	0		0	0	1	spell_or_static_text	ability	printed		Change the text of target spell or permanent by replacing all instances of one color word with another.	Change the text of target spell or permanent by replacing all instances of one color word with another.
lea	8aa97d25-cd51-4ceb-b7eb-af64f0914a8c	Smoke	Enchantment	0		0	0	1	spell_or_static_text	ability	printed		Players can't untap more than one creature during their untap steps.	Players can't untap more than one creature during their untap steps.
lea	6ad8011d-3471-4369-9d68-b264cc027487	Sol Ring	Artifact	0		0	0	1	activated_ability	ability	printed		{T}: Add {C}{C}.	{M}: Add {M}{M}.
lea	6021c2d6-d098-4de2-9c7e-4c571f9238f6	Soul Net	Artifact	0		0	0	1	triggered_ability	ability	printed		Whenever a creature dies, you may pay {1}. If you do, you gain 1 life.	Whenever a creature dies, you may pay {M}. If you do, you gain N life.
lea	04477339-7ed5-4770-9e5c-6e481ffcc858	Spell Blast	Instant	0		0	0	1	spell_or_static_text	ability	printed		Counter target spell with mana value X.	Counter target spell with mana value X.
lea	a8cf1379-0195-4e11-b994-481ef1284245	Stasis	Enchantment	0		0	0	1	replacement_effect	ability	printed		Players skip their untap steps.	Players skip their untap steps.
lea	a8cf1379-0195-4e11-b994-481ef1284245	Stasis	Enchantment	1		0	0	2	triggered_ability	ability	printed		At the beginning of your upkeep, sacrifice this enchantment unless you pay {U}.	At the beginning of your upkeep, sacrifice ~ unless you pay {M}.
lea	cd8ae9f2-edac-473a-8846-c08219e617c3	Steal Artifact	Enchantment — Aura	0		0	0	1	keyword_ability	ability	printed		Enchant artifact	Enchant artifact
lea	cd8ae9f2-edac-473a-8846-c08219e617c3	Steal Artifact	Enchantment — Aura	1		0	0	2	spell_or_static_text	ability	printed		You control enchanted artifact.	You control enchanted artifact.
lea	0b8e3f9b-a4da-49a3-8545-ce7a265e5856	Stone Giant	Creature — Giant	0		0	0	1	activated_ability	ability	printed		{T}: Target creature you control with toughness less than this creature's power gains flying until end of turn.	{M}: Target creature you control with toughness less than ~'s power gains flying until end of turn.
lea	0b8e3f9b-a4da-49a3-8545-ce7a265e5856	Stone Giant	Creature — Giant	1	0	1	0	1	triggered_ability	delayed_trigger	printed		Destroy that creature at the beginning of the next end step.	Destroy that creature at the beginning of the next end step.
lea	6e880df6-fc00-43d2-a9c8-f575f40b78c6	Stone Rain	Sorcery	0		0	0	1	spell_or_static_text	ability	printed		Destroy target land.	Destroy target land.
lea	9eb2912d-2130-49f2-9529-b58fa5a97a15	Stream of Life	Sorcery	0		0	0	1	spell_or_static_text	ability	printed		Target player gains X life.	Target player gains X life.
lea	eea64b1f-d6a9-4f72-8612-efab4b124b63	Sunglasses of Urza	Artifact	0		0	0	1	spell_or_static_text	ability	printed		You may spend white mana as though it were red mana.	You may spend white mana as though it were red mana.
lea	56719f6a-1a6c-4c0a-8d21-18f7d7350b68	Swamp	Basic Land — Swamp	0		0	0	1	activated_ability	ability	rules_supplied	305.6	({T}: Add {B}.)	{M}: Add {M}.
lea	b1544f21-7e98-461b-aed5-e748b0168c52	Swords to Plowshares	Instant	0		0	0	1	spell_or_static_text	ability	printed		Exile target creature. Its controller gains life equal to its power.	Exile target creature. Its controller gains life equal to its power.
lea	22e3cf1d-3559-4ce1-954c-8dc815342979	Taiga	Land — Mountain Forest	0		0	0	1	activated_ability	ability	rules_supplied	305.6	({T}: Add {R} or {G}.)	{M}: Add {M} or {M}.
lea	b81f041d-98db-4408-9472-c483e4a502bc	Terror	Instant	0		0	0	1	spell_or_static_text	ability	printed		Destroy target nonartifact, nonblack creature. It can't be regenerated.	Destroy target nonartifact, nonblack creature. It can't be regenerated.
lea	87a77482-f286-4fb1-b179-85b2095bb768	The Hive	Artifact	0		0	0	1	activated_ability	ability	printed		{5}, {T}: Create a 1/1 colorless Insect artifact creature token with flying named Wasp.	{M}, {M}: Create a N/N colorless Insect artifact creature token with flying named Wasp.
lea	c4822813-cd81-465d-9fe8-3a4c2dcd31ef	Thicket Basilisk	Creature — Basilisk	0		0	0	1	triggered_ability	ability	printed		Whenever this creature blocks or becomes blocked by a non-Wall creature,	Whenever ~ blocks or becomes blocked by a non-Wall creature,
lea	c4822813-cd81-465d-9fe8-3a4c2dcd31ef	Thicket Basilisk	Creature — Basilisk	1	0	1	0	1	triggered_ability	delayed_trigger	printed		destroy that creature at end of combat.	destroy that creature at end of combat.
lea	6452b6a6-6235-46a3-a712-a26592450438	Thoughtlace	Instant	0		0	0	1	spell_or_static_text	ability	printed		Target spell or permanent becomes blue.	Target spell or permanent becomes blue.
lea	f73c7edf-ed2c-41e8-ac83-c83ddd543f14	Throne of Bone	Artifact	0		0	0	1	triggered_ability	ability	printed		Whenever a player casts a black spell, you may pay {1}. If you do, you gain 1 life.	Whenever a player casts a black spell, you may pay {M}. If you do, you gain N life.
lea	35d07ac9-b184-4b5f-8192-34b1db042f69	Timber Wolves	Creature — Wolf	0		0	0	1	keyword_ability	ability	printed		Banding	Banding
lea	99d4d99d-cf56-45aa-aa39-a250695612f2	Time Vault	Artifact	0		0	0	1	replacement_effect	ability	printed		This artifact enters tapped.	~ enters tapped.
lea	99d4d99d-cf56-45aa-aa39-a250695612f2	Time Vault	Artifact	1		0	0	2	spell_or_static_text	ability	printed		This artifact doesn't untap during your untap step.	~ doesn't untap during your untap step.
lea	99d4d99d-cf56-45aa-aa39-a250695612f2	Time Vault	Artifact	2		0	0	3	replacement_effect	ability	printed		If you would begin your turn while this artifact is tapped, you may skip that turn instead. If you do, untap this artifact.	If you would begin your turn while ~ is tapped, you may skip that turn instead. If you do, untap ~.
lea	99d4d99d-cf56-45aa-aa39-a250695612f2	Time Vault	Artifact	3		0	0	4	activated_ability	ability	printed		{T}: Take an extra turn after this one.	{M}: Take an extra turn after this one.
lea	d0209d3f-3f7e-4fd5-bce5-10bce6f29c86	Time Walk	Sorcery	0		0	0	1	spell_or_static_text	ability	printed		Take an extra turn after this one.	Take an extra turn after this one.
lea	c823e687-6311-4c99-974b-fd77d204141a	Timetwister	Sorcery	0		0	0	1	spell_or_static_text	ability	printed		Each player shuffles their hand and graveyard into their library, then draws seven cards.	Each player shuffles their hand and graveyard into their library, then draws seven cards.
lea	f671e3c3-cd59-4d06-a1af-5d04892cf74d	Tranquility	Sorcery	0		0	0	1	spell_or_static_text	ability	printed		Destroy all enchantments.	Destroy all enchantments.
lea	74b7fe23-5d3a-4092-8d78-7c0eba8f6f73	Tropical Island	Land — Forest Island	0		0	0	1	activated_ability	ability	rules_supplied	305.6	({T}: Add {G} or {U}.)	{M}: Add {M} or {M}.
lea	ef2b1565-7b02-4cab-9031-beb1701ee929	Tsunami	Sorcery	0		0	0	1	spell_or_static_text	ability	printed		Destroy all Islands.	Destroy all Islands.
lea	02418479-9455-417f-a6a1-004356faff37	Tundra	Land — Plains Island	0		0	0	1	activated_ability	ability	rules_supplied	305.6	({T}: Add {W} or {U}.)	{M}: Add {M} or {M}.
lea	80559618-9dd9-4987-b3bc-1a1b5537bbc5	Tunnel	Instant	0		0	0	1	spell_or_static_text	ability	printed		Destroy target Wall. It can't be regenerated.	Destroy target Wall. It can't be regenerated.
lea	773ad2ef-5acc-49ea-8d85-056330e87039	Twiddle	Instant	0		0	0	1	spell_or_static_text	ability	printed		You may tap or untap target artifact, creature, or land.	You may tap or untap target artifact, creature, or land.
lea	38aa31bd-7145-43b9-9409-463d9ad6cd69	Two-Headed Giant of Foriys	Creature — Giant	0		0	0	1	keyword_ability	ability	printed		Trample	Trample
lea	38aa31bd-7145-43b9-9409-463d9ad6cd69	Two-Headed Giant of Foriys	Creature — Giant	1		0	0	2	spell_or_static_text	ability	printed		This creature can block an additional creature each combat.	~ can block an additional creature each combat.
lea	4b22be3a-8ce1-47d1-b82e-6c3ccfb0548b	Underground Sea	Land — Island Swamp	0		0	0	1	activated_ability	ability	rules_supplied	305.6	({T}: Add {U} or {B}.)	{M}: Add {M} or {M}.
lea	090d88a9-7f2d-4bd1-a30a-7c48d05068be	Unholy Strength	Enchantment — Aura	0		0	0	1	keyword_ability	ability	printed		Enchant creature	Enchant creature
lea	090d88a9-7f2d-4bd1-a30a-7c48d05068be	Unholy Strength	Enchantment — Aura	1		0	0	2	spell_or_static_text	ability	printed		Enchanted creature gets +2/+1.	Enchanted creature gets +N/+N.
lea	837182db-1bf3-4a2c-bd01-1af9d9873561	Unsummon	Instant	0		0	0	1	spell_or_static_text	ability	printed		Return target creature to its owner's hand.	Return target creature to its owner's hand.
lea	d6329dcc-b450-482a-8ee3-45449f7a4b3d	Uthden Troll	Creature — Troll	0		0	0	1	activated_ability	ability	printed		{R}: Regenerate this creature.	{M}: Regenerate ~.
lea	cd98a31b-cc7e-43f9-982e-109ad9850908	Verduran Enchantress	Creature — Human Druid	0		0	0	1	triggered_ability	ability	printed		Whenever you cast an enchantment spell, you may draw a card.	Whenever you cast an enchantment spell, you may draw a card.
lea	aeaccab9-3e2c-4a40-a483-52c4972b2014	Vesuvan Doppelganger	Creature — Shapeshifter	0		0	0	1	replacement_effect	ability	printed		You may have this creature enter as a copy of any creature on the battlefield, except it doesn't copy that creature's color and it has "At the beginning of your upkeep, you may have this creature become a copy of target creature, except it doesn't copy that creature's color and it has this ability."	You may have ~ enter as a copy of any creature on the battlefield, except it doesn't copy that creature's color and it has "[ability]"
lea	aeaccab9-3e2c-4a40-a483-52c4972b2014	Vesuvan Doppelganger	Creature — Shapeshifter	1	0	1	0	1	triggered_ability	granted	printed		At the beginning of your upkeep, you may have this creature become a copy of target creature, except it doesn't copy that creature's color and it has this ability.	At the beginning of your upkeep, you may have ~ become a copy of target creature, except it doesn't copy that creature's color and it has this ability.
lea	d29078c0-1fb8-437a-81d1-bb319f646941	Veteran Bodyguard	Creature — Human	0		0	0	1	replacement_effect	ability	printed		As long as this creature is untapped, all damage that would be dealt to you by unblocked creatures is dealt to this creature instead.	As long as ~ is untapped, all damage that would be dealt to you by unblocked creatures is dealt to ~ instead.
lea	4c15889e-3172-413b-b805-a2b7ad05f636	Volcanic Eruption	Sorcery	0		0	0	1	spell_or_static_text	ability	printed		Destroy X target Mountains. Volcanic Eruption deals damage to each creature and each player equal to the number of Mountains put into a graveyard this way.	Destroy X target Mountains. ~ deals damage to each creature and each player equal to the number of Mountains put into a graveyard this way.
lea	b2d3da40-e2f7-4480-9da9-33019d6f4071	Wall of Air	Creature — Wall	0		0	0	1	keyword_ability	ability	printed		Defender	Defender
lea	b2d3da40-e2f7-4480-9da9-33019d6f4071	Wall of Air	Creature — Wall	1		0	0	1	keyword_ability	ability	printed		flying	Flying
lea	8ffe4986-9e09-4421-ad26-296a4c0df9e4	Wall of Bone	Creature — Skeleton Wall	0		0	0	1	keyword_ability	ability	printed		Defender	Defender
lea	8ffe4986-9e09-4421-ad26-296a4c0df9e4	Wall of Bone	Creature — Skeleton Wall	1		0	0	2	activated_ability	ability	printed		{B}: Regenerate this creature.	{M}: Regenerate ~.
lea	f8d82a00-c10e-4b9e-9642-d05706900a97	Wall of Brambles	Creature — Plant Wall	0		0	0	1	keyword_ability	ability	printed		Defender	Defender
lea	f8d82a00-c10e-4b9e-9642-d05706900a97	Wall of Brambles	Creature — Plant Wall	1		0	0	2	activated_ability	ability	printed		{G}: Regenerate this creature.	{M}: Regenerate ~.
lea	f38c8b47-e8e0-4d2f-b1da-d8d986805a48	Wall of Fire	Creature — Wall	0		0	0	1	keyword_ability	ability	printed		Defender	Defender
lea	f38c8b47-e8e0-4d2f-b1da-d8d986805a48	Wall of Fire	Creature — Wall	1		0	0	2	activated_ability	ability	printed		{R}: This creature gets +1/+0 until end of turn.	{M}: ~ gets +N/+N until end of turn.
lea	1945e165-7636-4727-89ba-3811251ef175	Wall of Ice	Creature — Wall	0		0	0	1	keyword_ability	ability	printed		Defender	Defender
lea	cd4cadb4-3156-49bd-b36e-12ba5c85938b	Wall of Stone	Creature — Wall	0		0	0	1	keyword_ability	ability	printed		Defender	Defender
lea	eb098958-50d3-4476-ba74-382033703ff9	Wall of Swords	Creature — Wall	0		0	0	1	keyword_ability	ability	printed		Defender	Defender
lea	eb098958-50d3-4476-ba74-382033703ff9	Wall of Swords	Creature — Wall	1		0	0	2	keyword_ability	ability	printed		Flying	Flying
lea	608cc65c-f99a-4ca3-be24-190d2556b411	Wall of Water	Creature — Wall	0		0	0	1	keyword_ability	ability	printed		Defender	Defender
lea	608cc65c-f99a-4ca3-be24-190d2556b411	Wall of Water	Creature — Wall	1		0	0	2	activated_ability	ability	printed		{U}: This creature gets +1/+0 until end of turn.	{M}: ~ gets +N/+N until end of turn.
lea	aa5e6894-8c97-46f8-a0fd-07c6db51e9a7	Wall of Wood	Creature — Wall	0		0	0	1	keyword_ability	ability	printed		Defender	Defender
lea	73bddfdb-d1fb-4038-b676-201f6b82beb0	Wanderlust	Enchantment — Aura	0		0	0	1	keyword_ability	ability	printed		Enchant creature	Enchant creature
lea	73bddfdb-d1fb-4038-b676-201f6b82beb0	Wanderlust	Enchantment — Aura	1		0	0	2	triggered_ability	ability	printed		At the beginning of the upkeep of enchanted creature's controller, this Aura deals 1 damage to that player.	At the beginning of the upkeep of enchanted creature's controller, ~ deals N damage to that player.
lea	b2a8fcf9-2ec2-40a9-9955-90f8605b11a3	War Mammoth	Creature — Elephant	0		0	0	1	keyword_ability	ability	printed		Trample	Trample
lea	f4b18451-1f40-48bd-8ca9-eec784ad5dd7	Warp Artifact	Enchantment — Aura	0		0	0	1	keyword_ability	ability	printed		Enchant artifact	Enchant artifact
lea	f4b18451-1f40-48bd-8ca9-eec784ad5dd7	Warp Artifact	Enchantment — Aura	1		0	0	2	triggered_ability	ability	printed		At the beginning of the upkeep of enchanted artifact's controller, this Aura deals 1 damage to that player.	At the beginning of the upkeep of enchanted artifact's controller, ~ deals N damage to that player.
lea	f07a24c0-bf3c-4733-9473-c6be3b16950e	Weakness	Enchantment — Aura	0		0	0	1	keyword_ability	ability	printed		Enchant creature	Enchant creature
lea	f07a24c0-bf3c-4733-9473-c6be3b16950e	Weakness	Enchantment — Aura	1		0	0	2	spell_or_static_text	ability	printed		Enchanted creature gets -2/-1.	Enchanted creature gets -N/-N.
lea	5aa12aff-db3c-4be5-822b-3afdf536b33e	Web	Enchantment — Aura	0		0	0	1	keyword_ability	ability	printed		Enchant creature	Enchant creature
lea	5aa12aff-db3c-4be5-822b-3afdf536b33e	Web	Enchantment — Aura	1		0	0	2	spell_or_static_text	ability	printed		Enchanted creature gets +0/+2 and has reach.	Enchanted creature gets +N/+N and has reach.
lea	a8abd966-de7b-46a3-8ac7-8747ab35653a	Wheel of Fortune	Sorcery	0		0	0	1	spell_or_static_text	ability	printed		Each player discards their hand, then draws seven cards.	Each player discards their hand, then draws seven cards.
lea	ddb021df-ae4a-4ac1-8353-d0b375761714	White Knight	Creature — Human Knight	0		0	0	1	keyword_ability	ability	printed		First strike	First strike
lea	ddb021df-ae4a-4ac1-8353-d0b375761714	White Knight	Creature — Human Knight	1		0	0	2	keyword_ability	ability	printed		Protection from black	Protection from black
lea	860468b3-625a-4663-a5ae-336ae10fc7d0	White Ward	Enchantment — Aura	0		0	0	1	keyword_ability	ability	printed		Enchant creature	Enchant creature
lea	860468b3-625a-4663-a5ae-336ae10fc7d0	White Ward	Enchantment — Aura	1		0	0	2	spell_or_static_text	ability	printed		Enchanted creature has protection from white. This effect doesn't remove this Aura.	Enchanted creature has protection from white. This effect doesn't remove ~.
lea	706ae742-1807-44b7-a4fa-f2e26f61519a	Wild Growth	Enchantment — Aura	0		0	0	1	keyword_ability	ability	printed		Enchant land	Enchant land
lea	706ae742-1807-44b7-a4fa-f2e26f61519a	Wild Growth	Enchantment — Aura	1		0	0	2	triggered_ability	ability	printed		Whenever enchanted land is tapped for mana, its controller adds an additional {G}.	Whenever enchanted land is tapped for mana, its controller adds an additional {M}.
lea	8b60fcfe-fb90-4a00-a708-25b59bfc9b5a	Will-o'-the-Wisp	Creature — Spirit	0		0	0	1	keyword_ability	ability	printed		Flying	Flying
lea	8b60fcfe-fb90-4a00-a708-25b59bfc9b5a	Will-o'-the-Wisp	Creature — Spirit	1		0	0	2	activated_ability	ability	printed		{B}: Regenerate this creature.	{M}: Regenerate ~.
lea	1dcbd583-3388-4b34-a7cd-131648aa6abd	Winter Orb	Artifact	0		0	0	1	spell_or_static_text	ability	printed		As long as this artifact is untapped, players can't untap more than one land during their untap steps.	As long as ~ is untapped, players can't untap more than one land during their untap steps.
lea	0bd8917c-bec4-4603-bc3f-8e0c2afae56a	Wooden Sphere	Artifact	0		0	0	1	triggered_ability	ability	printed		Whenever a player casts a green spell, you may pay {1}. If you do, you gain 1 life.	Whenever a player casts a green spell, you may pay {M}. If you do, you gain N life.
lea	e8ad3a77-b293-4d69-b080-27ca9f95d443	Word of Command	Instant	0		0	0	1	spell_or_static_text	ability	printed		Look at target opponent's hand and choose a card from it. You control that player until Word of Command finishes resolving. The player plays that card if able. While doing so, the player can activate mana abilities only if they're from lands that player controls and only if mana they produce is spent to activate other mana abilities of lands the player controls and/or to play that card. If the chosen card is cast as a spell, you control the player while that spell is resolving.	Look at target opponent's hand and choose a card from it. You control that player until ~ finishes resolving. The player plays that card if able. While doing so, the player can activate mana abilities only if they're from lands that player controls and only if mana they produce is spent to activate other mana abilities of lands the player controls and/or to play that card. If the chosen card is cast as a spell, you control the player while that spell is resolving.
lea	34515b16-c9a4-4f98-8c77-416a7a523407	Wrath of God	Sorcery	0		0	0	1	spell_or_static_text	ability	printed		Destroy all creatures. They can't be regenerated.	Destroy all creatures. They can't be regenerated.
lea	5446c92f-ff22-4e9b-a2f6-e64c8560c1e0	Zombie Master	Creature — Zombie	0		0	0	1	spell_or_static_text	ability	printed		Other Zombie creatures have swampwalk.	Other Zombie creatures have swampwalk.
lea	5446c92f-ff22-4e9b-a2f6-e64c8560c1e0	Zombie Master	Creature — Zombie	1		0	0	2	spell_or_static_text	ability	printed		Other Zombies have "{B}: Regenerate this permanent."	Other Zombies have "[ability]"
lea	5446c92f-ff22-4e9b-a2f6-e64c8560c1e0	Zombie Master	Creature — Zombie	2	1	1	0	2	activated_ability	granted	printed		{B}: Regenerate this permanent.	{M}: Regenerate ~.
